指标,年度,全样本均值,剔除负权益后均值,全样本中位数,剔除负权益后中位数,剔除观测数,均值差异
资产负债率,2005,0.7313171389606672,0.5623296131679859,0.5787046271082671,0.568130606975883,3,-0.16898752579268128
资产负债率,2006,0.6488755674398228,0.5600723146286052,0.5798666646620323,0.5690452669188957,2,-0.08880325281121759
资产负债率,2007,0.7033608370285347,0.5557953737884259,0.6072286923987927,0.5880883627060051,3,-0.14756546324010877
资产负债率,2008,0.7663072169393385,0.5500760419456542,0.5641579346979687,0.5563934280784653,2,-0.21623117499368427
资产负债率,2009,1.1700232388394518,0.5932307954926554,0.6308014732272564,0.625870986064338,2,-0.5767924433467964
资产负债率,2010,0.684146339062468,0.6111297559556431,0.6487458993360814,0.647185828344949,3,-0.0730165831068249
资产负债率,2011,0.6263681636228853,0.6178283532231624,0.659419738642844,0.655726309383835,2,-0.008539810399722847
资产负债率,2012,0.6283991204777486,0.6243320115638785,0.659169017399334,0.658402567366669,1,-0.004067108913870077
资产负债率,2013,0.6275686965834899,0.6275686965834899,0.6689084569578759,0.6689084569578759,0,0.0
资产负债率,2014,0.6334853224124729,0.6334853224124729,0.6757902685648931,0.6757902685648931,0,0.0
资产负债率,2015,0.6398081997830337,0.6360773048082892,0.6766412169456861,0.6719426725322015,1,-0.0037308949747445475
bankloan(银行借款/总负债),2005,0.4458341531241865,0.45808298374971135,0.4673708475598515,0.4790093021986795,3,0.012248830625524842
bankloan(银行借款/总负债),2006,0.4198002058066279,0.4276349140381319,0.42379333796807533,0.4374927604959598,2,0.007834708231504006
bankloan(银行借款/总负债),2007,0.3619915085066243,0.36585742165319124,0.3574964476280301,0.359376482147226,3,0.003865913146566924
bankloan(银行借款/总负债),2008,0.34651179094650225,0.347449092081932,0.3484058175513898,0.3484058175513898,2,0.0009373011354297245
bankloan(银行借款/总负债),2009,0.32753971439823015,0.3299468542749702,0.31925547778053587,0.31925547778053587,2,0.002407139876740072
bankloan(银行借款/总负债),2010,0.3108334795254179,0.31147285310566153,0.2982087758114838,0.30151387732244955,3,0.0006393735802436296
bankloan(银行借款/总负债),2011,0.2808416557341428,0.2785959910857705,0.2556192038869035,0.2556192038869035,2,-0.0022456646483723364
bankloan(银行借款/总负债),2012,0.28489384057211664,0.2819293528083909,0.2785212046294593,0.2727169709058534,1,-0.002964487763725765
bankloan(银行借款/总负债),2013,0.3186730035901213,0.3186730035901213,0.326428000545134,0.326428000545134,0,0.0
bankloan(银行借款/总负债),2014,0.31475076463292617,0.31475076463292617,0.3190807563867524,0.3190807563867524,0,0.0
bankloan(银行借款/总负债),2015,0.3011461840009083,0.30190357105959315,0.27362983824882303,0.2741120916887163,1,0.000757387058684833
短期负债占比,2005,0.8456578416017045,0.8588208417578977,0.8714936578100956,0.8778163684364482,3,0.013163000156193205
短期负债占比,2006,0.7825717922864489,0.7956785359460585,0.8246858282067986,0.8408561173191929,2,0.013106743659609621
短期负债占比,2007,0.7584908692139143,0.7643988469638794,0.7815821482798917,0.7818775148726502,3,0.005907977749965099
短期负债占比,2008,0.7510893673442925,0.7561286236097267,0.7555586198927384,0.7555586198927384,2,0.005039256265434111
短期负债占比,2009,0.6941016435972696,0.6976644790912451,0.7158383276991949,0.7158383276991949,2,0.0035628354939755136
短期负债占比,2010,0.7193928358981685,0.7201331704254417,0.7371627131804365,0.7369135269133027,3,0.0007403345272731787
短期负债占比,2011,0.7568623393964773,0.7585516838107351,0.7653275185386997,0.7653275185386997,2,0.0016893444142578318
短期负债占比,2012,0.7420789172777518,0.7455122408131825,0.7455737312606792,0.7470009624516695,1,0.003433323535430688
短期负债占比,2013,0.7185612038359768,0.7185612038359768,0.7011058852705474,0.7011058852705474,0,0.0
短期负债占比,2014,0.7273538350943881,0.7273538350943881,0.7221952262541258,0.7221952262541258,0,0.0
短期负债占比,2015,0.6924660505552824,0.6916630642997394,0.6906972244029042,0.689605548382046,1,-0.0008029862555429812
ROA,2005,0.00916540218864889,0.015760866942012456,0.02225819738381605,0.022368987787671,3,0.0065954647533635665
ROA,2006,0.025448409335432735,0.024833107797861714,0.0268190272638923,0.02614002183641915,2,-0.0006153015375710211
ROA,2007,0.08331403935251809,0.04707341602635882,0.0473095817709715,0.04702575939297455,3,-0.03624062332615927
ROA,2008,0.05487465591319809,0.0418730647441742,0.0382136972752767,0.0382136972752767,2,-0.013001591169023885
ROA,2009,0.04459321627075407,0.041822646710799924,0.04051756499818475,0.03976162240208265,2,-0.002770569559954146
ROA,2010,0.03520865849085038,0.04128626971723756,0.040435827880772,0.040508721167478154,3,0.006077611226387183
ROA,2011,0.03615439161894336,0.03792388328503742,0.0348560837881698,0.0349425985427532,2,0.0017694916660940599
ROA,2012,0.0326732730170708,0.032969366415591894,0.027953215645172,0.0279772185780733,1,0.00029609339852109534
ROA,2013,0.03548894626905702,0.03548894626905702,0.0284517736814111,0.0284517736814111,0,0.0
ROA,2014,0.019445084835123177,0.019445084835123177,0.02074593401972535,0.02074593401972535,0,0.0
ROA,2015,0.009854806921140118,0.010507669397640772,0.01722318288673695,0.0172626794050726,1,0.0006528624765006538
ROE,2005,0.044748180269812254,0.038782823342664016,0.0516998457421871,0.0549140711646681,3,-0.005965356927148238
ROE,2006,0.039544424062257735,0.041353682995378206,0.05779180369242625,0.05914397148097415,2,0.0018092589331204709
ROE,2007,0.11036705602064632,0.10632245514368786,0.1092316097497261,0.1102590015113704,3,-0.00404460087695846
ROE,2008,0.12822098787119068,0.1134653304798182,0.0884127192902076,0.0884127192902076,2,-0.014755657391372481
ROE,2009,0.12695678675328395,0.13327563742114795,0.1010653682304743,0.10167423478855214,2,0.006318850667864001
ROE,2010,0.39070423366014645,0.12717537861856762,0.119612219747498,0.1197686033079136,3,-0.26352885504157886
ROE,2011,0.12506910103507465,0.11947815338296928,0.1091380460510828,0.1073483359543733,2,-0.005590947652105369
ROE,2012,0.03451812421994472,0.03447494380386512,0.08381675076747916,0.083860296409039,1,-4.318041607959816e-05
ROE,2013,0.10960588173937966,0.10960588173937966,0.090006661264993,0.090006661264993,0,0.0
ROE,2014,0.046571045970009474,0.046571045970009474,0.08118928184468896,0.08118928184468896,0,0.0
ROE,2015,0.047197263572359205,0.03849434328929688,0.05553901317775495,0.0553853302488918,1,-0.008702920283062326
Cash_TA(货币资金/总资产),2005,0.1204852152348268,0.12499229613700273,0.10012453903871275,0.1079051775279137,3,0.004507080902175928
Cash_TA(货币资金/总资产),2006,0.11303015867799929,0.11500134692620317,0.0878448409150118,0.0878448409150118,2,0.0019711882482038867
Cash_TA(货币资金/总资产),2007,0.15869832963217975,0.1526722843692737,0.1358240855464414,0.1346450278245494,3,-0.006026045262906066
Cash_TA(货币资金/总资产),2008,0.12088596988129535,0.10979635823487952,0.10805843222130275,0.1055633651119201,2,-0.011089611646415837
Cash_TA(货币资金/总资产),2009,0.1726969402963104,0.17367719647404364,0.1542360649231464,0.1542360649231464,2,0.0009802561777332297
Cash_TA(货币资金/总资产),2010,0.16170030593176807,0.16411280144138687,0.1432434987027942,0.14545812987001533,3,0.002412495509618806
Cash_TA(货币资金/总资产),2011,0.13190203490386906,0.13375750982803314,0.10446070712197345,0.10799789052335886,2,0.0018554749241640744
Cash_TA(货币资金/总资产),2012,0.1369245732139384,0.1378639134168077,0.11166872565915664,0.1117691763617255,1,0.0009393402028693154
Cash_TA(货币资金/总资产),2013,0.13234664492489195,0.13234664492489195,0.1088433102111429,0.1088433102111429,0,0.0
Cash_TA(货币资金/总资产),2014,0.11651921439902424,0.11651921439902424,0.1099515723372097,0.1099515723372097,0,0.0
Cash_TA(货币资金/总资产),2015,0.14354590726547853,0.14372281763239442,0.12091276289247016,0.1218086973192751,1,0.0001769103669158889
