证券简称,机构名称,境外法人持股,证券投资基金持股,国家持股-受限,国有法人持股,配售法人股,发起人股份,未流通股份,其中：境外自然人持股,其他流通受限股份,其他流通股,外资持股-受限,内部职工股,境外上市外资股-H股,其中：境内法人持股,自然人持股,人民币普通股,国有法人持股-受限,一般法人持股,控股股东、实际控制人,其中：限售H股,变动原因,公告日期,境内法人持股,证券代码,变动日期,战略投资者持股,国家持股,其中：限售B股,其他未流通股,流通受限股份,优先股,高管股,总股本,其中：限售高管股,转配股,境内上市外资股-B股,其中：境外法人持股,募集法人股,已流通股份,其中：境内自然人持股,其他内资持股-受限,变动原因编码
万华化学,烟台万华聚氨酯股份有限公司,0.0,0.0,,7800.0,0.0,8000.0,8000.0,,,0.0,,0.0,0.0,,0.0,0.0,,0.0,,,定期报告,,200.0,600309,1999-12-31,0.0,0.0,,0.0,0.0,0.0,0.0,8000.0,,0.0,0.0,,0.0,0.0,,,015019
万华化学,烟台万华聚氨酯股份有限公司,0.0,0.0,,7800.0,0.0,8000.0,8000.0,,,0.0,,0.0,0.0,,0.0,4000.0,,0.0,,,定期报告,,200.0,600309,2000-12-31,0.0,0.0,,0.0,0.0,0.0,0.0,12000.0,,0.0,0.0,,0.0,4000.0,,,015019
万华化学,烟台万华聚氨酯股份有限公司,0.0,0.0,,7800.0,0.0,8000.0,8000.0,,,0.0,,0.0,0.0,,0.0,4000.0,,0.0,,,A股上市,,200.0,600309,2001-01-05,0.0,0.0,,0.0,0.0,0.0,0.0,12000.0,,0.0,0.0,,0.0,4000.0,,,015001
万华化学,烟台万华聚氨酯股份有限公司,0.0,0.0,,0.0,0.0,16000.0,16000.0,,,0.0,,0.0,0.0,,,8000.0,,0.0,,,"送股,转增",,400.0,600309,2001-04-19,0.0,15600.0,,0.0,0.0,0.0,0.0,24000.0,,0.0,0.0,,0.0,8000.0,,,"015010,015011"
万华化学,烟台万华聚氨酯股份有限公司,0.0,0.0,,0.0,0.0,16000.0,16000.0,,,0.0,,0.0,0.0,,,8000.0,,0.0,,,定期报告,,400.0,600309,2001-06-30,0.0,15600.0,,0.0,0.0,0.0,0.0,24000.0,,0.0,0.0,,0.0,8000.0,,,015019
万华化学,烟台万华聚氨酯股份有限公司,0.0,0.0,,0.0,0.0,16000.0,16000.0,,,0.0,,0.0,0.0,,,8000.0,,0.0,,,定期报告,,400.0,600309,2001-12-31,0.0,15600.0,,0.0,0.0,0.0,0.0,24000.0,,0.0,0.0,,0.0,8000.0,,,015019
万华化学,烟台万华聚氨酯股份有限公司,0.0,0.0,,0.0,0.0,25600.0,25600.0,,,0.0,,0.0,0.0,,,12800.0,,0.0,,,"送股,转增",,640.0,600309,2002-04-15,0.0,24960.0,,0.0,0.0,0.0,0.0,38400.0,,0.0,0.0,,0.0,12800.0,,,"015010,015011"
万华化学,烟台万华聚氨酯股份有限公司,0.0,0.0,,0.0,0.0,25600.0,25600.0,,,0.0,,0.0,0.0,,,12800.0,,0.0,,,定期报告,,640.0,600309,2002-06-30,0.0,24960.0,,0.0,0.0,0.0,0.0,38400.0,,0.0,0.0,,0.0,12800.0,,,015019
万华化学,烟台万华聚氨酯股份有限公司,0.0,0.0,,0.0,0.0,25600.0,25600.0,,,0.0,,0.0,0.0,,,12800.0,,0.0,,,定期报告,2003-04-09,640.0,600309,2002-12-31,0.0,24960.0,,0.0,0.0,0.0,0.0,38400.0,,0.0,0.0,,0.0,12800.0,,,015019
万华化学,烟台万华聚氨酯股份有限公司,0.0,0.0,,0.0,0.0,25600.0,25600.0,,,0.0,,0.0,0.0,,,12800.0,,0.0,,,定期报告,2003-07-10,640.0,600309,2003-06-30,0.0,24960.0,,0.0,0.0,0.0,0.0,38400.0,,0.0,0.0,,0.0,12800.0,,,015019
万华化学,烟台万华聚氨酯股份有限公司,0.0,0.0,,0.0,0.0,25600.0,25600.0,,,0.0,,0.0,0.0,,0.0,12800.0,,0.0,,,定期报告,2004-03-18,640.0,600309,2003-12-31,0.0,24960.0,,0.0,0.0,0.0,0.0,38400.0,,0.0,0.0,,0.0,12800.0,,,015019
万华化学,烟台万华聚氨酯股份有限公司,0.0,0.0,,0.0,0.0,43520.0,43520.0,,,0.0,,0.0,0.0,,0.0,21760.0,,0.0,,,"送股,转增",2004-05-11,1088.0,600309,2004-05-17,0.0,42432.0,,0.0,0.0,0.0,0.0,65280.0,,0.0,0.0,,0.0,21760.0,,,"015010,015011"
万华化学,烟台万华聚氨酯股份有限公司,0.0,0.0,,0.0,0.0,43520.0,43520.0,,,0.0,,0.0,0.0,,0.0,21760.0,,0.0,,,定期报告,2004-07-28,1088.0,600309,2004-06-30,0.0,42432.0,,0.0,0.0,0.0,0.0,65280.0,,0.0,0.0,,0.0,21760.0,,,015019
万华化学,烟台万华聚氨酯股份有限公司,0.0,0.0,,0.0,0.0,43520.0,43520.0,,,0.0,,0.0,0.0,,0.0,21760.0,,0.0,,,定期报告,2005-02-03,1088.0,600309,2004-12-31,0.0,42432.0,,0.0,0.0,0.0,0.0,65280.0,,0.0,0.0,,0.0,21760.0,,,015019
万华化学,烟台万华聚氨酯股份有限公司,0.0,0.0,,55161.6,0.0,56576.0,56576.0,,,0.0,,0.0,0.0,,0.0,28288.0,,0.0,,,"送股,转增",2005-03-28,1414.4,600309,2005-04-01,0.0,0.0,,0.0,0.0,0.0,0.0,84864.0,,0.0,0.0,,0.0,28288.0,,,"015010,015011"
万华化学,烟台万华聚氨酯股份有限公司,0.0,0.0,,0.0,0.0,56576.0,56576.0,,,0.0,,0.0,0.0,,0.0,28288.0,,0.0,,,定期报告,2005-07-28,1414.4,600309,2005-06-30,0.0,55161.6,,0.0,0.0,0.0,0.0,84864.0,,0.0,0.0,,0.0,28288.0,,,015019
万华化学,烟台万华聚氨酯股份有限公司,0.0,0.0,,0.0,0.0,56576.0,56576.0,,,0.0,,0.0,0.0,,0.0,28288.0,,0.0,,,定期报告,2006-04-14,1414.4,600309,2005-12-31,0.0,55161.6,,0.0,0.0,0.0,0.0,84864.0,,0.0,0.0,,0.0,28288.0,,,015019
万华化学,烟台万华聚氨酯股份有限公司,0.0,0.0,,0.0,0.0,0.0,0.0,,52049.92,0.0,,0.0,0.0,,0.0,32814.08,,0.0,,,股权分置,2006-04-19,0.0,600309,2006-04-24,0.0,0.0,,0.0,52049.92,0.0,0.0,84864.0,,0.0,0.0,,0.0,32814.08,,,015020
万华化学,烟台万华聚氨酯股份有限公司,0.0,0.0,,0.0,0.0,0.0,0.0,,72869.888,0.0,,0.0,0.0,,0.0,45939.712,,0.0,,,"送股,转增",2006-05-30,0.0,600309,2006-06-05,0.0,0.0,,0.0,72869.888,0.0,0.0,118809.6,,0.0,0.0,,0.0,45939.712,,,"015010,015011"
万华化学,烟台万华聚氨酯股份有限公司,,0.0,0.0,,0.0,0.0,0.0,0.0,72869.888,0.0,0.0,,,1821.7472,,45939.712,71048.1408,,,,定期报告,2006-07-12,,600309,2006-06-30,0.0,0.0,,,72869.888,,0.0,118809.6,,,,,,45939.712,0.0,1821.7472,015019
万华化学,烟台万华聚氨酯股份有限公司,,,,,0.0,0.0,0.0,,72869.888,,0.0,,,1821.7472,,45939.712,71048.1408,,,,定期报告,2007-04-04,,600309,2006-12-31,,,,,72869.888,,,118809.6,,,,,,45939.712,,1821.7472,015019
万华化学,烟台万华聚氨酯股份有限公司,,,,,0.0,0.0,0.0,,64912.1414,,0.0,,,4918.7174,,53897.4586,59993.424,,,,权证行权,2007-04-30,,600309,2007-04-26,,0.0,,,64912.1414,,0.0,118809.6,,,,,,53897.4586,0.0,4918.7174,015022
万华化学,烟台万华聚氨酯股份有限公司,,,,0.0,0.0,0.0,0.0,,59993.424,,0.0,,,,,58816.176,59993.424,,,,股权分置受限股份上市,2007-04-25,,600309,2007-04-30,,0.0,,,59993.424,,0.0,118809.6,,,,,,58816.176,,0.0,015021
万华化学,烟台万华聚氨酯股份有限公司,,,0.0,,0.0,0.0,0.0,,59994.324,,0.0,,,,,58816.176,59994.324,,,,定期报告,2007-07-25,,600309,2007-06-30,,,,,59994.324,,0.0,118810.5,,,,,,58816.176,,0.0,015019
万华化学,烟台万华聚氨酯股份有限公司,,,,0.0,0.0,0.0,0.0,,83990.7936,0.0,0.0,,,,,82342.6464,83990.7936,,,,送股,2007-07-05,,600309,2007-07-11,,0.0,,,83990.7936,,0.0,166333.44,,,,,,82342.6464,,0.0,015010
万华化学,烟台万华聚氨酯股份有限公司,,,,0.0,0.0,0.0,0.0,,83990.7936,0.0,0.0,,,,,82342.6464,83990.7936,,,,定期报告,2008-03-07,,600309,2007-12-31,,0.0,,,83990.7936,,0.0,166333.44,,,,,,82342.6464,,0.0,015019
万华化学,烟台万华聚氨酯股份有限公司,,,,0.0,0.0,0.0,0.0,,83990.7936,0.0,0.0,,,,,82342.6464,83990.7936,,,,定期报告,2008-07-22,,600309,2008-06-30,,0.0,,,83990.7936,,0.0,166333.44,,,,,,82342.6464,,0.0,015019
万华化学,烟台万华聚氨酯股份有限公司,,,,0.0,0.0,0.0,0.0,,83990.7936,0.0,0.0,,,,,82342.6464,83990.7936,,,,定期报告,2009-03-05,,600309,2008-12-31,,0.0,,,83990.7936,,0.0,166333.44,,,,,,82342.6464,,0.0,015019
万华化学,烟台万华聚氨酯股份有限公司,,,,,0.0,0.0,0.0,,0.0,,0.0,,,,,166333.44,,,,,股权分置受限股份上市,2009-04-21,,600309,2009-04-24,,0.0,,,0.0,,0.0,166333.44,,,,,,166333.44,,0.0,015021
万华化学,烟台万华聚氨酯股份有限公司,,,,,0.0,0.0,0.0,,0.0,,0.0,,,,,166333.44,,,,,定期报告,2009-07-28,,600309,2009-06-30,,0.0,,,0.0,,0.0,166333.44,,,,,,166333.44,,0.0,015019
万华化学,烟台万华聚氨酯股份有限公司,,,,0.0,0.0,0.0,0.0,,0.0,,0.0,,,,,166333.44,,,,,定期报告,2010-04-07,,600309,2009-12-31,,0.0,,,0.0,,0.0,166333.44,,,,,,166333.44,,0.0,015019
万华化学,烟台万华聚氨酯股份有限公司,,0.0,0.0,0.0,0.0,0.0,0.0,,0.0,,0.0,,0.0,,,166333.44,,,,,定期报告,2010-08-18,,600309,2010-06-30,,0.0,,,0.0,,0.0,166333.44,,,0.0,,,166333.44,,0.0,015019
万华化学,烟台万华聚氨酯股份有限公司,,0.0,0.0,0.0,0.0,,0.0,,0.0,,0.0,,0.0,,,166333.44,,,,,定期报告,2011-03-22,,600309,2010-12-31,,0.0,,,0.0,,0.0,166333.44,,,0.0,,,166333.44,,0.0,015019
万华化学,烟台万华聚氨酯股份有限公司,,,,,0.0,0.0,0.0,,0.0,,0.0,,,0.0,,216233.472,,,,,送股,2011-05-06,,600309,2011-05-12,,,,,0.0,,,216233.472,,,,,,216233.472,,0.0,015010
万华化学,烟台万华聚氨酯股份有限公司,,,,,0.0,,0.0,,0.0,,0.0,,,0.0,,216233.472,,,,,定期报告,2011-08-16,,600309,2011-06-30,,,,,0.0,,,216233.472,,,,,,216233.472,,0.0,015019
万华化学,烟台万华聚氨酯股份有限公司,,,,,0.0,,0.0,,0.0,,0.0,,,0.0,,216233.472,,,,,定期报告,2012-03-07,,600309,2011-12-31,,,,,0.0,,,216233.472,,,,,,216233.472,,0.0,015019
万华化学,烟台万华聚氨酯股份有限公司,,,,,0.0,,0.0,,0.0,,0.0,,,0.0,,216233.472,,,,,定期报告,2012-08-21,,600309,2012-06-30,,,,,0.0,,,216233.472,,,,,,216233.472,,0.0,015019
万华化学,烟台万华聚氨酯股份有限公司,,,,,0.0,,0.0,,0.0,,0.0,,,0.0,,216233.472,,,,,定期报告,2013-03-26,,600309,2012-12-31,,,,,0.0,,,216233.472,,,,,,216233.472,,0.0,015019
万华化学,烟台万华聚氨酯股份有限公司,,,,,0.0,,0.0,,0.0,,0.0,,,0.0,,216233.472,,,,,定期报告,2013-07-30,,600309,2013-06-30,,,,,0.0,,,216233.472,,,,,,216233.472,,0.0,015019
万华化学,烟台万华聚氨酯股份有限公司,,,,,0.0,,0.0,,0.0,,0.0,,,0.0,,216233.472,,,,,定期报告,2014-04-15,,600309,2013-12-31,,,,,0.0,,,216233.472,,,,,,216233.472,,0.0,015019
万华化学,烟台万华聚氨酯股份有限公司,,,,,0.0,,0.0,,0.0,,0.0,,,0.0,,216233.472,,,,,定期报告,2014-08-26,,600309,2014-06-30,,,,,0.0,,,216233.472,,,,,,216233.472,,0.0,015019
万华化学,烟台万华聚氨酯股份有限公司,,,,,0.0,,0.0,,0.0,,0.0,,,0.0,,216233.472,,,,,定期报告,2015-03-17,,600309,2014-12-31,,,,,0.0,,,216233.472,,,,,,216233.472,,0.0,015019
万华化学,烟台万华聚氨酯股份有限公司,,,,,0.0,,0.0,,0.0,,0.0,,,0.0,,216233.472,,,,,定期报告,2015-07-24,,600309,2015-06-30,,,,,0.0,,,216233.472,,,,,,216233.472,,0.0,015019
万华化学,万华化学集团股份有限公司,,,,,0.0,,0.0,,0.0,,0.0,,,0.0,,216233.472,,,,,定期报告,2016-03-08,,600309,2015-12-31,,,,,0.0,,,216233.472,,,,,,216233.472,,0.0,015019
万华化学,万华化学集团股份有限公司,,,,,,,,,,,,,,,,216233.472,,,,,定期报告,2016-08-02,,600309,2016-06-30,,,,,,,,216233.472,,,,,,216233.472,,,015019
万华化学,万华化学集团股份有限公司,,,,,,,,,,,,,,,,216233.472,,,,,定期报告,2017-04-11,,600309,2016-12-31,,,,,,,,216233.472,,,,,,216233.472,,,015019
万华化学,万华化学集团股份有限公司,,,0.0,,0.0,0.0,0.0,,11600.928,,0.0,,,11600.928,,216233.472,,,,,增发新股上市,2017-01-18,,600309,2017-01-16,,0.0,,,11600.928,,0.0,227834.4,,,,,,216233.472,,11600.928,015004
万华化学,万华化学集团股份有限公司,,,0.0,,0.0,0.0,0.0,,13921.1136,,0.0,,,13921.1136,,259480.1664,,,,,送股,2017-05-12,,600309,2017-05-18,,0.0,,,13921.1136,,0.0,273401.28,,,,,,259480.1664,,13921.1136,015010
万华化学,万华化学集团股份有限公司,,,0.0,,0.0,,0.0,,13921.1136,,0.0,,,13921.1136,,259480.1664,,,,,定期报告,2017-08-01,,600309,2017-06-30,,0.0,,,13921.1136,,0.0,273401.28,,,,,,259480.1664,,13921.1136,015019
万华化学,万华化学集团股份有限公司,,,0.0,,0.0,,0.0,,13921.1136,,0.0,,,13921.1136,,259480.1664,,,,,定期报告,2018-03-13,,600309,2017-12-31,,0.0,,,13921.1136,,0.0,273401.28,,,,,,259480.1664,,13921.1136,015019
万华化学,万华化学集团股份有限公司,,,0.0,,0.0,0.0,0.0,,0.0,,0.0,,0.0,0.0,,273401.28,,,,,限售股份上市,2018-01-11,,600309,2018-01-16,,0.0,,,0.0,,0.0,273401.28,,,,,,273401.28,,0.0,015027
万华化学,万华化学集团股份有限公司,,,0.0,,0.0,,0.0,,0.0,,0.0,,0.0,0.0,,273401.28,,,,,定期报告,2018-07-31,,600309,2018-06-30,,0.0,,,0.0,,0.0,273401.28,,,,,,273401.28,,0.0,015019
万华化学,万华化学集团股份有限公司,,,0.0,,0.0,,0.0,,0.0,,0.0,,0.0,0.0,,273401.28,,,,,定期报告,2019-04-23,,600309,2018-12-31,,0.0,,,0.0,,0.0,273401.28,,,,,,273401.28,,0.0,015019
万华化学,万华化学集团股份有限公司,,,0.0,,0.0,0.0,0.0,,171599.0206,,33604.2361,,0.0,70218.3191,,142375.642,67776.4654,,,,"股份回购,增发新股上市",2019-02-14,,600309,2019-02-12,,0.0,,,171599.0206,,0.0,313974.6626,,,,33604.2361,,142375.642,,70218.3191,"015016,015004"
万华化学,万华化学集团股份有限公司,,,0.0,,0.0,,0.0,,171599.0206,,33604.2361,,0.0,70218.3191,,142375.642,67776.4654,,,,定期报告,2019-08-21,,600309,2019-06-30,,0.0,,,171599.0206,,0.0,313974.6626,,,,33604.2361,,142375.642,,70218.3191,015019
万华化学,万华化学集团股份有限公司,,,,,,,,,171599.0206,,33604.2361,,,70218.3191,,142375.642,67776.4654,,,,定期报告,2020-03-31,,600309,2019-12-31,,,,,171599.0206,,,313974.6626,,,,33604.2361,,142375.642,,70218.3191,015019
万华化学,万华化学集团股份有限公司,,,,,,,,,171599.0206,,33604.2361,,,70218.3191,,142375.642,67776.4654,,,,定期报告,2020-08-20,,600309,2020-06-30,,,,,171599.0206,,,313974.6626,,,,33604.2361,,142375.642,,70218.3191,015019
万华化学,万华化学集团股份有限公司,,,,,,,,,171599.0206,,33604.2361,,,70218.3191,,142375.642,67776.4654,,,,定期报告,2021-03-16,,600309,2020-12-31,,,,,171599.0206,,,313974.6626,,,,33604.2361,,142375.642,,70218.3191,015019
万华化学,万华化学集团股份有限公司,,,,,,,,,171599.0206,,33604.2361,,,70218.3191,,142375.642,67776.4654,,,,定期报告,2021-07-30,,600309,2021-06-30,,,,,171599.0206,,,313974.6626,,,,33604.2361,,142375.642,,70218.3191,015019
万华化学,万华化学集团股份有限公司,,,,,,,,,171599.0206,,33604.2361,,,70218.3191,,142375.642,67776.4654,,,,定期报告,2022-03-15,,600309,2021-12-31,,,,,171599.0206,,,313974.6626,,,,33604.2361,,142375.642,,70218.3191,015019
万华化学,万华化学集团股份有限公司,,,,,,,,,,,,,,,,313974.6626,,,,,限售股份上市,2022-03-17,,600309,2022-03-23,,,,,,,,313974.6626,,,,,,313974.6626,,,015027
万华化学,万华化学集团股份有限公司,,,,,,,,,,,,,,,,313974.6626,,,,,定期报告,2022-07-29,,600309,2022-06-30,,,,,,,,313974.6626,,,,,,313974.6626,,,015019
万华化学,万华化学集团股份有限公司,,,,,,,,,,,,,,,,313974.6626,,,,,定期报告,2023-03-21,,600309,2022-12-31,,,,,,,,313974.6626,,,,,,313974.6626,,,015019
万华化学,万华化学集团股份有限公司,,,,,,,,,,,,,,,,313974.6626,,,,,定期报告,2023-07-28,,600309,2023-06-30,,,,,,,,313974.6626,,,,,,313974.6626,,,015019
万华化学,万华化学集团股份有限公司,,,,,,,,,,,,,,,,313974.6626,,,,,定期报告,2024-03-19,,600309,2023-12-31,,,,,,,,313974.6626,,,,,,313974.6626,,,015019
万华化学,万华化学集团股份有限公司,,,,,,,,,,,,,,,,313974.6626,,,,,定期报告,2024-08-13,,600309,2024-06-30,,,,,,,,313974.6626,,,,,,313974.6626,,,015019
万华化学,万华化学集团股份有限公司,,,,,,0.0,0.0,,,,0.0,,,,,313974.6626,,,,,定期报告,2025-04-15,,600309,2024-12-31,,,,,,,,313974.6626,,,,,,313974.6626,,0.0,015019
万华化学,万华化学集团股份有限公司,,,,,,0.0,0.0,,,,0.0,,,,,313974.6626,,,,,定期报告,2025-08-12,,600309,2025-06-30,,,,,,,,313974.6626,,,,,,313974.6626,,0.0,015019
万华化学,万华化学集团股份有限公司,,,,,,0.0,0.0,,,,0.0,,,,,313047.1626,,,,,股份回购,2025-07-14,,600309,2025-07-14,,,,,,,,313047.1626,,,,,,313047.1626,,0.0,015016
万华化学,万华化学集团股份有限公司,,,,,,0.0,0.0,,,,0.0,,,,,313047.1626,,,,,定期报告,2026-04-21,,600309,2025-12-31,,,,,,,,313047.1626,,,,,,313047.1626,,0.0,015019
万华化学,万华化学集团股份有限公司,,,,,,,,,,,,,,,,313047.1626,,,,,定期报告,2026-08-25,,600309,2026-06-30,,,,,,,,313047.1626,,,,,,313047.1626,,,015019
