stock_code,stock_name,missing_date,other_stocks_with_data,other_stocks_total,note
002352.SZ,顺丰控股,2021-02-05,9,9,其余股票当日均有行情，缺口连续时为个股停牌的典型特征
002352.SZ,顺丰控股,2021-02-08,9,9,其余股票当日均有行情，缺口连续时为个股停牌的典型特征
002352.SZ,顺丰控股,2021-02-09,9,9,其余股票当日均有行情，缺口连续时为个股停牌的典型特征
600030.SH,中信证券,2022-01-19,9,9,其余股票当日均有行情，缺口连续时为个股停牌的典型特征
600030.SH,中信证券,2022-01-20,9,9,其余股票当日均有行情，缺口连续时为个股停牌的典型特征
600030.SH,中信证券,2022-01-21,9,9,其余股票当日均有行情，缺口连续时为个股停牌的典型特征
600030.SH,中信证券,2022-01-24,9,9,其余股票当日均有行情，缺口连续时为个股停牌的典型特征
600030.SH,中信证券,2022-01-25,9,9,其余股票当日均有行情，缺口连续时为个股停牌的典型特征
600030.SH,中信证券,2022-01-26,9,9,其余股票当日均有行情，缺口连续时为个股停牌的典型特征
