证券代码,证券简称,公告日期,变动日期,变动原因,总股本,effective_date,announcement_date,total_shares_10k,stock_code,stock_name,industry
000333,美的集团,2013-09-12,2013-09-18,A股上市,168632.3389,2013-09-18,2013-09-12,168632.3389,000333.SZ,美的集团,电气机械和器材制造业
000333,美的集团,2014-03-29,2013-12-31,定期报告,168632.3389,2013-12-31,2014-03-29,168632.3389,000333.SZ,美的集团,电气机械和器材制造业
000333,美的集团,2014-04-16,2014-04-18,限售股份上市,168632.3389,2014-04-18,2014-04-16,168632.3389,000333.SZ,美的集团,电气机械和器材制造业
000333,美的集团,2014-04-23,2014-04-30,转增,421580.8472,2014-04-30,2014-04-23,421580.8472,000333.SZ,美的集团,电气机械和器材制造业
000333,美的集团,2014-08-19,2014-06-30,定期报告,421580.8472,2014-06-30,2014-08-19,421580.8472,000333.SZ,美的集团,电气机械和器材制造业
000333,美的集团,2014-09-15,2014-09-18,限售股份上市,421580.8472,2014-09-18,2014-09-15,421580.8472,000333.SZ,美的集团,电气机械和器材制造业
000333,美的集团,2015-03-31,2014-12-31,定期报告,421580.8472,2014-12-31,2015-03-31,421580.8472,000333.SZ,美的集团,电气机械和器材制造业
000333,美的集团,2015-06-25,2015-06-26,增发新股上市,429012.2597,2015-06-26,2015-06-25,429012.2597,000333.SZ,美的集团,电气机械和器材制造业
000333,美的集团,2015-08-31,2015-06-30,定期报告,429012.2597,2015-06-30,2015-08-31,429012.2597,000333.SZ,美的集团,电气机械和器材制造业
000333,美的集团,2015-08-07,2015-08-06,股份回购,426571.4504,2015-08-06,2015-08-07,426571.4504,000333.SZ,美的集团,电气机械和器材制造业
000333,美的集团,2016-03-26,2015-12-31,"定期报告,期权行权",426683.9449,2015-12-31,2016-03-26,426683.9449,000333.SZ,美的集团,电气机械和器材制造业
000333,美的集团,2016-04-29,2016-05-06,转增,640108.6842,2016-05-06,2016-04-29,640108.6842,000333.SZ,美的集团,电气机械和器材制造业
000333,美的集团,2016-08-31,2016-06-30,"定期报告,期权行权",642493.4259,2016-06-30,2016-08-31,642493.4259,000333.SZ,美的集团,电气机械和器材制造业
000333,美的集团,2016-09-14,2016-09-19,限售股份上市,642493.4259,2016-09-19,2016-09-14,642493.4259,000333.SZ,美的集团,电气机械和器材制造业
000333,美的集团,2017-03-31,2016-12-31,"定期报告,期权行权",645876.6808,2016-12-31,2017-03-31,645876.6808,000333.SZ,美的集团,电气机械和器材制造业
000333,美的集团,2017-04-22,2017-03-29,期权行权,646567.7368,2017-03-29,2017-04-22,646567.7368,000333.SZ,美的集团,电气机械和器材制造业
000333,美的集团,2017-06-15,2017-06-16,"增发新股上市,股权激励,期权行权",648961.0018,2017-06-16,2017-06-15,648961.0018,000333.SZ,美的集团,电气机械和器材制造业
000333,美的集团,2017-08-31,2017-06-30,"定期报告,期权行权",651963.7198,2017-06-30,2017-08-31,651963.7198,000333.SZ,美的集团,电气机械和器材制造业
000333,美的集团,2018-03-31,2017-12-31,定期报告,656105.3319,2017-12-31,2018-03-31,656105.3319,000333.SZ,美的集团,电气机械和器材制造业
000333,美的集团,2018-02-06,2018-02-07,"增发新股上市,股权激励,期权行权",657544.7196,2018-02-07,2018-02-06,657544.7196,000333.SZ,美的集团,电气机械和器材制造业
000333,美的集团,2018-04-26,2018-05-03,期权行权,658402.2574,2018-05-03,2018-04-26,658402.2574,000333.SZ,美的集团,电气机械和器材制造业
000333,美的集团,2018-05-30,2018-05-31,"激励股份解禁,期权行权",658971.5683,2018-05-31,2018-05-30,658971.5683,000333.SZ,美的集团,电气机械和器材制造业
000333,美的集团,2018-06-20,2018-06-21,"增发新股上市,股权激励",661471.9247,2018-06-21,2018-06-20,661471.9247,000333.SZ,美的集团,电气机械和器材制造业
000333,美的集团,2018-06-27,2018-06-29,"限售股份上市,期权行权",662418.5795,2018-06-29,2018-06-27,662418.5795,000333.SZ,美的集团,电气机械和器材制造业
000333,美的集团,2018-08-31,2018-06-30,定期报告,662691.1513,2018-06-30,2018-08-31,662691.1513,000333.SZ,美的集团,电气机械和器材制造业
000333,美的集团,2018-08-01,2018-07-30,"股份回购,期权行权",662691.1513,2018-07-30,2018-08-01,662691.1513,000333.SZ,美的集团,电气机械和器材制造业
000333,美的集团,2019-04-20,2018-12-31,定期报告,666303.0506,2018-12-31,2019-04-20,666303.0506,000333.SZ,美的集团,电气机械和器材制造业
000333,美的集团,2019-01-10,2019-01-10,"股份回购,期权行权",656792.5491,2019-01-10,2019-01-10,656792.5491,000333.SZ,美的集团,电气机械和器材制造业
000333,美的集团,2019-02-16,2019-02-20,"激励股份解禁,期权行权",657867.5492,2019-02-20,2019-02-16,657867.5492,000333.SZ,美的集团,电气机械和器材制造业
000333,美的集团,2019-04-08,2019-04-03,"股份回购,期权行权",659175.1075,2019-04-03,2019-04-08,659175.1075,000333.SZ,美的集团,电气机械和器材制造业
000333,美的集团,2019-05-09,2019-05-10,"增发新股上市,股权激励,期权行权",660584.2687,2019-05-10,2019-05-09,660584.2687,000333.SZ,美的集团,电气机械和器材制造业
000333,美的集团,2019-06-19,2019-06-21,"期权行权,增发新股上市",693232.2526,2019-06-21,2019-06-19,693232.2526,000333.SZ,美的集团,电气机械和器材制造业
000333,美的集团,2019-06-27,2019-06-28,激励股份解禁,693232.2526,2019-06-28,2019-06-27,693232.2526,000333.SZ,美的集团,电气机械和器材制造业
000333,美的集团,2019-08-31,2019-06-30,定期报告,694172.2285,2019-06-30,2019-08-31,694172.2285,000333.SZ,美的集团,电气机械和器材制造业
000333,美的集团,2019-07-11,2019-07-10,"股份回购,期权行权",693715.5282,2019-07-10,2019-07-11,693715.5282,000333.SZ,美的集团,电气机械和器材制造业
000333,美的集团,2019-07-25,2019-07-23,"期权行权,股份回购",693890.3035,2019-07-23,2019-07-25,693890.3035,000333.SZ,美的集团,电气机械和器材制造业
000333,美的集团,2020-04-30,2019-12-31,定期报告,697189.9574,2019-12-31,2020-04-30,697189.9574,000333.SZ,美的集团,电气机械和器材制造业
000333,美的集团,2020-02-17,2020-02-19,"期权行权,激励股份解禁",698699.2499,2020-02-19,2020-02-17,698699.2499,000333.SZ,美的集团,电气机械和器材制造业
000333,美的集团,2020-02-25,2020-02-20,其他,698895.2498,2020-02-20,2020-02-25,698895.2498,000333.SZ,美的集团,电气机械和器材制造业
000333,美的集团,2020-02-22,2020-02-22,其他,698895.2498,2020-02-22,2020-02-22,698895.2498,000333.SZ,美的集团,电气机械和器材制造业
000333,美的集团,2020-03-12,2020-03-10,股份回购,698544.5998,2020-03-10,2020-03-12,698544.5998,000333.SZ,美的集团,电气机械和器材制造业
000333,美的集团,2020-05-27,2020-05-27,期权行权,699946.7315,2020-05-27,2020-05-27,699946.7315,000333.SZ,美的集团,电气机械和器材制造业
000333,美的集团,2020-06-06,2020-06-04,其他,699946.7315,2020-06-04,2020-06-06,699946.7315,000333.SZ,美的集团,电气机械和器材制造业
000333,美的集团,2020-06-19,2020-06-22,"激励股份解禁,期权行权",700173.2717,2020-06-22,2020-06-19,700173.2717,000333.SZ,美的集团,电气机械和器材制造业
000333,美的集团,2020-08-31,2020-06-30,定期报告,700974.593,2020-06-30,2020-08-31,700974.593,000333.SZ,美的集团,电气机械和器材制造业
000333,美的集团,2020-06-29,2020-07-01,激励股份解禁,700974.593,2020-07-01,2020-06-29,700974.593,000333.SZ,美的集团,电气机械和器材制造业
000333,美的集团,2020-07-15,2020-07-14,"股权激励,股份回购,期权行权",701871.7307,2020-07-14,2020-07-15,701871.7307,000333.SZ,美的集团,电气机械和器材制造业
000333,美的集团,2020-08-04,2020-07-31,"股份回购,期权行权",702179.5879,2020-07-31,2020-08-04,702179.5879,000333.SZ,美的集团,电气机械和器材制造业
000333,美的集团,2021-04-30,2020-12-31,"定期报告,期权行权",702997.5999,2020-12-31,2021-04-30,702997.5999,000333.SZ,美的集团,电气机械和器材制造业
000333,美的集团,2021-01-06,2021-01-04,期权行权,703011.3759,2021-01-04,2021-01-06,703011.3759,000333.SZ,美的集团,电气机械和器材制造业
000333,美的集团,2021-02-05,2021-02-08,"期权行权,激励股份解禁",703945.059,2021-02-08,2021-02-05,703945.059,000333.SZ,美的集团,电气机械和器材制造业
000333,美的集团,2021-02-24,2021-02-22,期权行权,704143.5667,2021-02-22,2021-02-24,704143.5667,000333.SZ,美的集团,电气机械和器材制造业
000333,美的集团,2021-05-26,2021-05-24,"股份回购,期权行权",704515.932,2021-05-24,2021-05-26,704515.932,000333.SZ,美的集团,电气机械和器材制造业
000333,美的集团,2021-06-03,2021-06-04,激励股份解禁,704515.932,2021-06-04,2021-06-03,704515.932,000333.SZ,美的集团,电气机械和器材制造业
000333,美的集团,2021-08-31,2021-06-30,"定期报告,期权行权,激励股份解禁",704814.8178,2021-06-30,2021-08-31,704814.8178,000333.SZ,美的集团,电气机械和器材制造业
000333,美的集团,2021-07-12,2021-07-13,"期权行权,激励股份解禁",704889.5741,2021-07-13,2021-07-12,704889.5741,000333.SZ,美的集团,电气机械和器材制造业
000333,美的集团,2021-07-19,2021-07-16,"股权激励,股份回购,期权行权",705097.3554,2021-07-16,2021-07-19,705097.3554,000333.SZ,美的集团,电气机械和器材制造业
000333,美的集团,2021-07-19,2021-07-20,激励股份解禁,705097.3554,2021-07-20,2021-07-19,705097.3554,000333.SZ,美的集团,电气机械和器材制造业
000333,美的集团,2021-08-14,2021-08-14,期权行权,705328.4814,2021-08-14,2021-08-14,705328.4814,000333.SZ,美的集团,电气机械和器材制造业
000333,美的集团,2021-08-27,2021-08-25,股份回购,698130.8571,2021-08-25,2021-08-27,698130.8571,000333.SZ,美的集团,电气机械和器材制造业
000333,美的集团,2021-12-02,2021-11-30,"股份回购,期权行权",698347.1099,2021-11-30,2021-12-02,698347.1099,000333.SZ,美的集团,电气机械和器材制造业
000333,美的集团,2022-04-30,2021-12-31,"定期报告,期权行权",698656.3844,2021-12-31,2022-04-30,698656.3844,000333.SZ,美的集团,电气机械和器材制造业
000333,美的集团,2022-03-12,2022-03-04,期权行权,699523.7751,2022-03-04,2022-03-12,699523.7751,000333.SZ,美的集团,电气机械和器材制造业
000333,美的集团,2022-04-23,2022-04-21,"股份回购,期权行权",699705.3441,2022-04-21,2022-04-23,699705.3441,000333.SZ,美的集团,电气机械和器材制造业
000333,美的集团,2022-06-21,2022-06-22,激励股份解禁,699705.3441,2022-06-22,2022-06-21,699705.3441,000333.SZ,美的集团,电气机械和器材制造业
000333,美的集团,2022-06-27,2022-06-28,激励股份解禁,699705.3441,2022-06-28,2022-06-27,699705.3441,000333.SZ,美的集团,电气机械和器材制造业
000333,美的集团,2022-08-31,2022-06-30,"定期报告,期权行权",699732.9041,2022-06-30,2022-08-31,699732.9041,000333.SZ,美的集团,电气机械和器材制造业
000333,美的集团,2022-07-08,2022-07-11,"期权行权,激励股份解禁",699759.5841,2022-07-11,2022-07-08,699759.5841,000333.SZ,美的集团,电气机械和器材制造业
000333,美的集团,2022-07-18,2022-07-13,"股权激励,股份回购,期权行权",699794.9002,2022-07-13,2022-07-18,699794.9002,000333.SZ,美的集团,电气机械和器材制造业
000333,美的集团,2022-07-18,2022-07-19,"期权行权,激励股份解禁",699802.1902,2022-07-19,2022-07-18,699802.1902,000333.SZ,美的集团,电气机械和器材制造业
000333,美的集团,2022-10-26,2022-10-24,"股份回购,期权行权",699574.9087,2022-10-24,2022-10-26,699574.9087,000333.SZ,美的集团,电气机械和器材制造业
000333,美的集团,2023-04-29,2022-12-31,"定期报告,期权行权",699727.3076,2022-12-31,2023-04-29,699727.3076,000333.SZ,美的集团,电气机械和器材制造业
000333,美的集团,2023-04-20,2023-04-18,"股份回购,期权行权",702169.8756,2023-04-18,2023-04-20,702169.8756,000333.SZ,美的集团,电气机械和器材制造业
000333,美的集团,2023-05-25,2023-05-25,期权行权,702218.1291,2023-05-25,2023-05-25,702218.1291,000333.SZ,美的集团,电气机械和器材制造业
000333,美的集团,2023-08-31,2023-06-30,定期报告,702218.1291,2023-06-30,2023-08-31,702218.1291,000333.SZ,美的集团,电气机械和器材制造业
000333,美的集团,2023-06-30,2023-07-03,激励股份解禁,702218.1291,2023-07-03,2023-06-30,702218.1291,000333.SZ,美的集团,电气机械和器材制造业
000333,美的集团,2023-07-06,2023-07-07,激励股份解禁,702218.1291,2023-07-07,2023-07-06,702218.1291,000333.SZ,美的集团,电气机械和器材制造业
000333,美的集团,2023-07-11,2023-07-13,激励股份解禁,702218.1291,2023-07-13,2023-07-11,702218.1291,000333.SZ,美的集团,电气机械和器材制造业
000333,美的集团,2023-07-17,2023-07-14,"股权激励,股份回购",702218.1291,2023-07-14,2023-07-17,702218.1291,000333.SZ,美的集团,电气机械和器材制造业
000333,美的集团,2023-07-17,2023-07-18,"期权行权,激励股份解禁",702298.4951,2023-07-18,2023-07-17,702298.4951,000333.SZ,美的集团,电气机械和器材制造业
000333,美的集团,2023-11-14,2023-11-10,"股份回购,期权行权",702421.5,2023-11-10,2023-11-14,702421.5,000333.SZ,美的集团,电气机械和器材制造业
000333,美的集团,2023-12-01,2023-12-01,期权行权,702459.7408,2023-12-01,2023-12-01,702459.7408,000333.SZ,美的集团,电气机械和器材制造业
000333,美的集团,2024-03-28,2023-12-31,"定期报告,期权行权",702576.9025,2023-12-31,2024-03-28,702576.9025,000333.SZ,美的集团,电气机械和器材制造业
000333,美的集团,2024-02-19,2024-02-07,"股份回购,期权行权",696174.8977,2024-02-07,2024-02-19,696174.8977,000333.SZ,美的集团,电气机械和器材制造业
000333,美的集团,2024-03-08,2024-03-12,"限售股份上市,期权行权",696987.1538,2024-03-12,2024-03-08,696987.1538,000333.SZ,美的集团,电气机械和器材制造业
000333,美的集团,2024-03-26,2024-03-25,股份回购,696895.0724,2024-03-25,2024-03-26,696895.0724,000333.SZ,美的集团,电气机械和器材制造业
000333,美的集团,2024-05-09,2024-05-09,期权行权,697531.8129,2024-05-09,2024-05-09,697531.8129,000333.SZ,美的集团,电气机械和器材制造业
000333,美的集团,2024-06-20,2024-06-24,"期权行权,激励股份解禁",698011.5778,2024-06-24,2024-06-20,698011.5778,000333.SZ,美的集团,电气机械和器材制造业
000333,美的集团,2024-08-20,2024-06-30,"定期报告,期权行权",698015.1778,2024-06-30,2024-08-20,698015.1778,000333.SZ,美的集团,电气机械和器材制造业
000333,美的集团,2024-07-09,2024-07-03,期权行权,698016.7587,2024-07-03,2024-07-09,698016.7587,000333.SZ,美的集团,电气机械和器材制造业
000333,美的集团,2024-07-09,2024-07-11,激励股份解禁,698016.7587,2024-07-11,2024-07-09,698016.7587,000333.SZ,美的集团,电气机械和器材制造业
000333,美的集团,2024-07-19,2024-07-22,"期权行权,激励股份解禁",698215.7274,2024-07-22,2024-07-19,698215.7274,000333.SZ,美的集团,电气机械和器材制造业
000333,美的集团,2024-07-23,2024-07-25,"期权行权,激励股份解禁",698527.4217,2024-07-25,2024-07-23,698527.4217,000333.SZ,美的集团,电气机械和器材制造业
000333,美的集团,2024-07-26,2024-07-30,激励股份解禁,698527.4217,2024-07-30,2024-07-26,698527.4217,000333.SZ,美的集团,电气机械和器材制造业
000333,美的集团,2024-09-18,2024-09-12,期权行权,699468.985,2024-09-12,2024-09-18,699468.985,000333.SZ,美的集团,电气机械和器材制造业
000333,美的集团,2024-09-18,2024-09-17,H股上市,756064.515,2024-09-17,2024-09-18,756064.515,000333.SZ,美的集团,电气机械和器材制造业
000333,美的集团,2024-12-14,2024-12-13,"股份回购,期权行权",757021.681,2024-12-13,2024-12-14,757021.681,000333.SZ,美的集团,电气机械和器材制造业
000333,美的集团,2025-03-29,2024-12-31,"股份回购,定期报告,期权行权",765595.5883,2024-12-31,2025-03-29,765595.5883,000333.SZ,美的集团,电气机械和器材制造业
000333,美的集团,2025-06-03,2025-05-29,股份回购,765446.234,2025-05-29,2025-06-03,765446.234,000333.SZ,美的集团,电气机械和器材制造业
000333,美的集团,2025-06-06,2025-06-06,期权行权,767724.4824,2025-06-06,2025-06-06,767724.4824,000333.SZ,美的集团,电气机械和器材制造业
000333,美的集团,2025-06-26,2025-06-24,股份回购,766615.4083,2025-06-24,2025-06-26,766615.4083,000333.SZ,美的集团,电气机械和器材制造业
000333,美的集团,2025-08-30,2025-06-30,定期报告,766615.4083,2025-06-30,2025-08-30,766615.4083,000333.SZ,美的集团,电气机械和器材制造业
000333,美的集团,2025-07-10,2025-07-14,激励股份解禁,766615.4083,2025-07-14,2025-07-10,766615.4083,000333.SZ,美的集团,电气机械和器材制造业
000333,美的集团,2025-07-17,2025-07-21,"期权行权,激励股份解禁",767100.5468,2025-07-21,2025-07-17,767100.5468,000333.SZ,美的集团,电气机械和器材制造业
000333,美的集团,2025-07-25,2025-07-28,"期权行权,激励股份解禁",767250.6592,2025-07-28,2025-07-25,767250.6592,000333.SZ,美的集团,电气机械和器材制造业
000333,美的集团,2025-11-12,2025-11-12,期权行权,768506.8242,2025-11-12,2025-11-12,768506.8242,000333.SZ,美的集团,电气机械和器材制造业
000333,美的集团,2025-12-09,2025-12-09,期权行权,769089.0363,2025-12-09,2025-12-09,769089.0363,000333.SZ,美的集团,电气机械和器材制造业
000333,美的集团,2025-12-23,2025-12-19,"股份回购,期权行权",759780.5778,2025-12-19,2025-12-23,759780.5778,000333.SZ,美的集团,电气机械和器材制造业
000333,美的集团,2026-03-31,2025-12-31,"股份回购,定期报告,期权行权",759714.5346,2025-12-31,2026-03-31,759714.5346,000333.SZ,美的集团,电气机械和器材制造业
000333,美的集团,2026-03-31,2026-03-31,期权行权,760327.6186,2026-03-31,2026-03-31,760327.6186,000333.SZ,美的集团,电气机械和器材制造业
000333,美的集团,2026-06-23,2026-06-23,期权行权,761343.8907,2026-06-23,2026-06-23,761343.8907,000333.SZ,美的集团,电气机械和器材制造业
000333,美的集团,2026-08-29,2026-06-30,定期报告,761343.8907,2026-06-30,2026-08-29,761343.8907,000333.SZ,美的集团,电气机械和器材制造业
000333,美的集团,2026-07-09,2026-07-13,激励股份解禁,761343.8907,2026-07-13,2026-07-09,761343.8907,000333.SZ,美的集团,电气机械和器材制造业
000333,美的集团,2026-07-16,2026-07-20,激励股份解禁,761343.8907,2026-07-20,2026-07-16,761343.8907,000333.SZ,美的集团,电气机械和器材制造业
002352,顺丰控股,2010-04-10,2009-12-31,定期报告,5833.078,2009-12-31,2010-04-10,5833.078,002352.SZ,顺丰控股,邮政业
002352,顺丰控股,2010-02-04,2010-02-05,A股上市,7783.078,2010-02-05,2010-02-04,7783.078,002352.SZ,顺丰控股,邮政业
002352,顺丰控股,2010-04-29,2010-05-05,配售股份上市,7783.078,2010-05-05,2010-04-29,7783.078,002352.SZ,顺丰控股,邮政业
002352,顺丰控股,2010-08-28,2010-06-30,定期报告,7783.078,2010-06-30,2010-08-28,7783.078,002352.SZ,顺丰控股,邮政业
002352,顺丰控股,2011-03-05,2010-12-31,定期报告,7783.078,2010-12-31,2011-03-05,7783.078,002352.SZ,顺丰控股,邮政业
002352,顺丰控股,2011-08-29,2011-06-30,定期报告,7783.078,2011-06-30,2011-08-29,7783.078,002352.SZ,顺丰控股,邮政业
002352,顺丰控股,2012-04-25,2011-12-31,定期报告,7783.078,2011-12-31,2012-04-25,7783.078,002352.SZ,顺丰控股,邮政业
002352,顺丰控股,2012-08-15,2012-06-30,定期报告,7783.078,2012-06-30,2012-08-15,7783.078,002352.SZ,顺丰控股,邮政业
002352,顺丰控股,2013-04-20,2012-12-31,定期报告,7783.078,2012-12-31,2013-04-20,7783.078,002352.SZ,顺丰控股,邮政业
002352,顺丰控股,2013-02-02,2013-02-05,限售股份上市,7783.078,2013-02-05,2013-02-02,7783.078,002352.SZ,顺丰控股,邮政业
002352,顺丰控股,2013-08-29,2013-06-30,定期报告,7783.078,2013-06-30,2013-08-29,7783.078,002352.SZ,顺丰控股,邮政业
002352,顺丰控股,2014-04-18,2013-12-31,定期报告,7783.078,2013-12-31,2014-04-18,7783.078,002352.SZ,顺丰控股,邮政业
002352,顺丰控股,2014-01-14,2014-01-16,限售股份上市,7783.078,2014-01-16,2014-01-14,7783.078,002352.SZ,顺丰控股,邮政业
002352,顺丰控股,2014-08-26,2014-06-30,定期报告,7783.078,2014-06-30,2014-08-26,7783.078,002352.SZ,顺丰控股,邮政业
002352,顺丰控股,2015-04-29,2014-12-31,定期报告,7783.078,2014-12-31,2015-04-29,7783.078,002352.SZ,顺丰控股,邮政业
002352,顺丰控股,2015-01-08,2015-01-12,限售股份上市,7783.078,2015-01-12,2015-01-08,7783.078,002352.SZ,顺丰控股,邮政业
002352,顺丰控股,2015-02-16,2015-02-25,限售股份上市,7783.078,2015-02-25,2015-02-16,7783.078,002352.SZ,顺丰控股,邮政业
002352,顺丰控股,2015-06-04,2015-06-08,限售股份上市,7783.078,2015-06-08,2015-06-04,7783.078,002352.SZ,顺丰控股,邮政业
002352,顺丰控股,2015-08-26,2015-06-30,定期报告,7783.078,2015-06-30,2015-08-26,7783.078,002352.SZ,顺丰控股,邮政业
002352,顺丰控股,2015-07-10,2015-07-16,转增,11674.617,2015-07-16,2015-07-10,11674.617,002352.SZ,顺丰控股,邮政业
002352,顺丰控股,2016-04-22,2015-12-31,定期报告,11674.617,2015-12-31,2016-04-22,11674.617,002352.SZ,顺丰控股,邮政业
002352,顺丰控股,2016-01-08,2016-01-11,限售股份上市,11674.617,2016-01-11,2016-01-08,11674.617,002352.SZ,顺丰控股,邮政业
002352,顺丰控股,2016-05-19,2016-05-26,转增,23349.234,2016-05-26,2016-05-19,23349.234,002352.SZ,顺丰控股,邮政业
002352,顺丰控股,2016-08-19,2016-06-30,定期报告,23349.234,2016-06-30,2016-08-19,23349.234,002352.SZ,顺丰控股,邮政业
002352,顺丰控股,2017-03-13,2016-12-31,定期报告,23349.234,2016-12-31,2017-03-13,23349.234,002352.SZ,顺丰控股,邮政业
002352,顺丰控股,2017-01-20,2017-01-23,增发新股上市,418367.8213,2017-01-23,2017-01-20,418367.8213,002352.SZ,顺丰控股,邮政业
002352,顺丰控股,2017-08-26,2017-06-30,定期报告,418367.8213,2017-06-30,2017-08-26,418367.8213,002352.SZ,顺丰控股,邮政业
002352,顺丰控股,2017-08-21,2017-08-23,增发新股上市,441101.5524,2017-08-23,2017-08-21,441101.5524,002352.SZ,顺丰控股,邮政业
002352,顺丰控股,2017-12-07,2017-12-08,限售股份上市,441101.5524,2017-12-08,2017-12-07,441101.5524,002352.SZ,顺丰控股,邮政业
002352,顺丰控股,2018-03-14,2017-12-31,定期报告,441101.5524,2017-12-31,2018-03-14,441101.5524,002352.SZ,顺丰控股,邮政业
002352,顺丰控股,2018-01-09,2018-01-11,"增发新股上市,股权激励",441357.2185,2018-01-11,2018-01-09,441357.2185,002352.SZ,顺丰控股,邮政业
002352,顺丰控股,2018-01-22,2018-01-23,限售股份上市,441357.2185,2018-01-23,2018-01-22,441357.2185,002352.SZ,顺丰控股,邮政业
002352,顺丰控股,2018-03-20,2018-03-21,限售股份上市,441357.2185,2018-03-21,2018-03-20,441357.2185,002352.SZ,顺丰控股,邮政业
002352,顺丰控股,2018-08-24,2018-06-30,定期报告,441357.2185,2018-06-30,2018-08-24,441357.2185,002352.SZ,顺丰控股,邮政业
002352,顺丰控股,2018-07-06,2018-07-09,"增发新股上市,股权激励",441880.4167,2018-07-09,2018-07-06,441880.4167,002352.SZ,顺丰控股,邮政业
002352,顺丰控股,2018-08-16,2018-08-16,股份回购,441876.7258,2018-08-16,2018-08-16,441876.7258,002352.SZ,顺丰控股,邮政业
002352,顺丰控股,2018-08-22,2018-08-23,限售股份上市,441876.7258,2018-08-23,2018-08-22,441876.7258,002352.SZ,顺丰控股,邮政业
002352,顺丰控股,2019-03-16,2018-12-31,定期报告,441876.7258,2018-12-31,2019-03-16,441876.7258,002352.SZ,顺丰控股,邮政业
002352,顺丰控股,2019-01-10,2019-01-11,激励股份解禁,441876.7258,2019-01-11,2019-01-10,441876.7258,002352.SZ,顺丰控股,邮政业
002352,顺丰控股,2019-03-13,2019-03-13,股份回购,441832.6672,2019-03-13,2019-03-13,441832.6672,002352.SZ,顺丰控股,邮政业
002352,顺丰控股,2019-03-21,2019-03-25,限售股份上市,441832.6672,2019-03-25,2019-03-21,441832.6672,002352.SZ,顺丰控股,邮政业
002352,顺丰控股,2019-06-12,2019-06-12,股份回购,441458.5265,2019-06-12,2019-06-12,441458.5265,002352.SZ,顺丰控股,邮政业
002352,顺丰控股,2019-08-28,2019-06-30,定期报告,441458.5265,2019-06-30,2019-08-28,441458.5265,002352.SZ,顺丰控股,邮政业
002352,顺丰控股,2020-03-24,2019-12-31,定期报告,441458.5265,2019-12-31,2020-03-24,441458.5265,002352.SZ,顺丰控股,邮政业
002352,顺丰控股,2020-01-22,2020-01-23,限售股份上市,441458.5265,2020-01-23,2020-01-22,441458.5265,002352.SZ,顺丰控股,邮政业
002352,顺丰控股,2020-03-17,2020-03-17,股份回购,441431.0919,2020-03-17,2020-03-17,441431.0919,002352.SZ,顺丰控股,邮政业
002352,顺丰控股,2020-06-19,2020-06-19,"可转债转股,股份回购",441984.8185,2020-06-19,2020-06-19,441984.8185,002352.SZ,顺丰控股,邮政业
002352,顺丰控股,2020-08-26,2020-06-30,"定期报告,可转债转股",444837.3496,2020-06-30,2020-08-26,444837.3496,002352.SZ,顺丰控股,邮政业
002352,顺丰控股,2020-08-12,2020-08-03,可转债转股,455644.0455,2020-08-03,2020-08-12,455644.0455,002352.SZ,顺丰控股,邮政业
002352,顺丰控股,2020-10-27,2020-10-30,限售股份上市,455644.0455,2020-10-30,2020-10-27,455644.0455,002352.SZ,顺丰控股,邮政业
002352,顺丰控股,2021-03-18,2020-12-31,定期报告,455644.0455,2020-12-31,2021-03-18,455644.0455,002352.SZ,顺丰控股,邮政业
002352,顺丰控股,2021-08-23,2021-06-30,定期报告,455644.0455,2021-06-30,2021-08-23,455644.0455,002352.SZ,顺丰控股,邮政业
002352,顺丰控股,2021-11-17,2021-11-19,增发新股上市,490621.3102,2021-11-19,2021-11-17,490621.3102,002352.SZ,顺丰控股,邮政业
002352,顺丰控股,2022-03-31,2021-12-31,定期报告,490621.3102,2021-12-31,2022-03-31,490621.3102,002352.SZ,顺丰控股,邮政业
002352,顺丰控股,2022-04-09,2022-04-07,股份回购,489520.2373,2022-04-07,2022-04-09,489520.2373,002352.SZ,顺丰控股,邮政业
002352,顺丰控股,2022-05-16,2022-05-19,限售股份上市,489520.2373,2022-05-19,2022-05-16,489520.2373,002352.SZ,顺丰控股,邮政业
002352,顺丰控股,2022-08-31,2022-06-30,定期报告,489520.2373,2022-06-30,2022-08-31,489520.2373,002352.SZ,顺丰控股,邮政业
002352,顺丰控股,2022-08-08,2022-08-10,限售股份上市,489520.2373,2022-08-10,2022-08-08,489520.2373,002352.SZ,顺丰控股,邮政业
002352,顺丰控股,2022-09-03,2022-09-01,其他,489520.2373,2022-09-01,2022-09-03,489520.2373,002352.SZ,顺丰控股,邮政业
002352,顺丰控股,2023-03-29,2022-12-31,定期报告,489520.2373,2022-12-31,2023-03-29,489520.2373,002352.SZ,顺丰控股,邮政业
002352,顺丰控股,2023-08-29,2023-06-30,定期报告,489520.2373,2023-06-30,2023-08-29,489520.2373,002352.SZ,顺丰控股,邮政业
002352,顺丰控股,2023-09-06,2023-09-05,期权行权,489520.2373,2023-09-05,2023-09-06,489520.2373,002352.SZ,顺丰控股,邮政业
002352,顺丰控股,2023-09-22,2023-09-22,其他,489520.2373,2023-09-22,2023-09-22,489520.2373,002352.SZ,顺丰控股,邮政业
002352,顺丰控股,2024-03-27,2023-12-31,定期报告,489520.2373,2023-12-31,2024-03-27,489520.2373,002352.SZ,顺丰控股,邮政业
002352,顺丰控股,2024-04-30,2024-04-30,其他,489520.2373,2024-04-30,2024-04-30,489520.2373,002352.SZ,顺丰控股,邮政业
002352,顺丰控股,2024-06-22,2024-06-20,股份回购,481591.122,2024-06-20,2024-06-22,481591.122,002352.SZ,顺丰控股,邮政业
002352,顺丰控股,2024-08-29,2024-06-30,定期报告,481591.122,2024-06-30,2024-08-29,481591.122,002352.SZ,顺丰控股,邮政业
002352,顺丰控股,2024-10-31,2024-10-31,期权行权,481618.6983,2024-10-31,2024-10-31,481618.6983,002352.SZ,顺丰控股,邮政业
002352,顺丰控股,2024-10-31,2024-11-06,期权行权,481618.6983,2024-11-06,2024-10-31,481618.6983,002352.SZ,顺丰控股,邮政业
002352,顺丰控股,2024-11-28,2024-11-27,H股上市,498618.6983,2024-11-27,2024-11-28,498618.6983,002352.SZ,顺丰控股,邮政业
002352,顺丰控股,2025-03-29,2024-12-31,定期报告,498618.6983,2024-12-31,2025-03-29,498618.6983,002352.SZ,顺丰控股,邮政业
002352,顺丰控股,2025-03-05,2025-02-28,期权行权,498702.9152,2025-02-28,2025-03-05,498702.9152,002352.SZ,顺丰控股,邮政业
002352,顺丰控股,2025-04-03,2025-03-31,期权行权,498764.6658,2025-03-31,2025-04-03,498764.6658,002352.SZ,顺丰控股,邮政业
002352,顺丰控股,2025-04-29,2025-04-28,期权行权,498809.1951,2025-04-28,2025-04-29,498809.1951,002352.SZ,顺丰控股,邮政业
002352,顺丰控股,2025-06-04,2025-05-31,期权行权,499269.2017,2025-05-31,2025-06-04,499269.2017,002352.SZ,顺丰控股,邮政业
002352,顺丰控股,2025-08-29,2025-06-30,定期报告,499269.2017,2025-06-30,2025-08-29,499269.2017,002352.SZ,顺丰控股,邮政业
002352,顺丰控股,2025-07-05,2025-07-04,增发新股上市,506269.2017,2025-07-04,2025-07-05,506269.2017,002352.SZ,顺丰控股,邮政业
002352,顺丰控股,2025-08-09,2025-08-07,股份回购,503942.1659,2025-08-07,2025-08-09,503942.1659,002352.SZ,顺丰控股,邮政业
002352,顺丰控股,2025-09-25,2025-09-24,期权行权,503942.3059,2025-09-24,2025-09-25,503942.3059,002352.SZ,顺丰控股,邮政业
002352,顺丰控股,2025-09-27,2025-09-26,期权行权,503942.6034,2025-09-26,2025-09-27,503942.6034,002352.SZ,顺丰控股,邮政业
002352,顺丰控股,2025-09-30,2025-09-29,期权行权,503943.0409,2025-09-29,2025-09-30,503943.0409,002352.SZ,顺丰控股,邮政业
002352,顺丰控股,2026-03-31,2025-12-31,定期报告,503943.0409,2025-12-31,2026-03-31,503943.0409,002352.SZ,顺丰控股,邮政业
002352,顺丰控股,2026-06-10,2026-06-09,增发新股上市,526530.8078,2026-06-09,2026-06-10,526530.8078,002352.SZ,顺丰控股,邮政业
002352,顺丰控股,2026-08-29,2026-06-30,定期报告,526530.8078,2026-06-30,2026-08-29,526530.8078,002352.SZ,顺丰控股,邮政业
002352,顺丰控股,2026-07-22,2026-07-20,其他,526530.8078,2026-07-20,2026-07-22,526530.8078,002352.SZ,顺丰控股,邮政业
002475,立讯精密,2010-09-14,2010-09-15,A股上市,17380.0,2010-09-15,2010-09-14,17380.0,002475.SZ,立讯精密,计算机、通信和其他电子设备制造业
002475,立讯精密,2010-12-10,2010-12-15,配售股份上市,17380.0,2010-12-15,2010-12-10,17380.0,002475.SZ,立讯精密,计算机、通信和其他电子设备制造业
002475,立讯精密,2011-03-18,2010-12-31,定期报告,17380.0,2010-12-31,2011-03-18,17380.0,002475.SZ,立讯精密,计算机、通信和其他电子设备制造业
002475,立讯精密,2011-05-20,2011-05-26,转增,26070.0,2011-05-26,2011-05-20,26070.0,002475.SZ,立讯精密,计算机、通信和其他电子设备制造业
002475,立讯精密,2011-07-14,2011-06-30,定期报告,26070.0,2011-06-30,2011-07-14,26070.0,002475.SZ,立讯精密,计算机、通信和其他电子设备制造业
002475,立讯精密,2012-03-29,2011-12-31,定期报告,26070.0,2011-12-31,2012-03-29,26070.0,002475.SZ,立讯精密,计算机、通信和其他电子设备制造业
002475,立讯精密,2012-06-02,2012-06-08,转增,36498.0,2012-06-08,2012-06-02,36498.0,002475.SZ,立讯精密,计算机、通信和其他电子设备制造业
002475,立讯精密,2012-08-08,2012-06-30,定期报告,36498.0,2012-06-30,2012-08-08,36498.0,002475.SZ,立讯精密,计算机、通信和其他电子设备制造业
002475,立讯精密,2013-04-03,2012-12-31,定期报告,36498.0,2012-12-31,2013-04-03,36498.0,002475.SZ,立讯精密,计算机、通信和其他电子设备制造业
002475,立讯精密,2013-06-15,2013-06-21,转增,54747.0,2013-06-21,2013-06-15,54747.0,002475.SZ,立讯精密,计算机、通信和其他电子设备制造业
002475,立讯精密,2013-08-02,2013-06-30,定期报告,54747.0,2013-06-30,2013-08-02,54747.0,002475.SZ,立讯精密,计算机、通信和其他电子设备制造业
002475,立讯精密,2013-09-12,2013-09-16,限售股份上市,54747.0,2013-09-16,2013-09-12,54747.0,002475.SZ,立讯精密,计算机、通信和其他电子设备制造业
002475,立讯精密,2014-03-04,2013-12-31,定期报告,54747.0,2013-12-31,2014-03-04,54747.0,002475.SZ,立讯精密,计算机、通信和其他电子设备制造业
002475,立讯精密,2014-05-15,2014-05-21,转增,76645.8,2014-05-21,2014-05-15,76645.8,002475.SZ,立讯精密,计算机、通信和其他电子设备制造业
002475,立讯精密,2014-07-25,2014-06-30,定期报告,76645.8,2014-06-30,2014-07-25,76645.8,002475.SZ,立讯精密,计算机、通信和其他电子设备制造业
002475,立讯精密,2014-10-15,2014-10-16,增发新股上市,83193.1887,2014-10-16,2014-10-15,83193.1887,002475.SZ,立讯精密,计算机、通信和其他电子设备制造业
002475,立讯精密,2015-04-15,2014-12-31,定期报告,83193.1887,2014-12-31,2015-04-15,83193.1887,002475.SZ,立讯精密,计算机、通信和其他电子设备制造业
002475,立讯精密,2015-06-12,2015-06-19,转增,124789.783,2015-06-19,2015-06-12,124789.783,002475.SZ,立讯精密,计算机、通信和其他电子设备制造业
002475,立讯精密,2015-08-15,2015-06-30,定期报告,124789.783,2015-06-30,2015-08-15,124789.783,002475.SZ,立讯精密,计算机、通信和其他电子设备制造业
002475,立讯精密,2015-10-15,2015-10-16,限售股份上市,124789.783,2015-10-16,2015-10-15,124789.783,002475.SZ,立讯精密,计算机、通信和其他电子设备制造业
002475,立讯精密,2015-12-16,2015-12-18,"增发新股上市,股权激励",125747.666,2015-12-18,2015-12-16,125747.666,002475.SZ,立讯精密,计算机、通信和其他电子设备制造业
002475,立讯精密,2016-04-22,2015-12-31,定期报告,125747.666,2015-12-31,2016-04-22,125747.666,002475.SZ,立讯精密,计算机、通信和其他电子设备制造业
002475,立讯精密,2016-06-03,2016-06-13,转增,188621.499,2016-06-13,2016-06-03,188621.499,002475.SZ,立讯精密,计算机、通信和其他电子设备制造业
002475,立讯精密,2016-08-10,2016-06-30,定期报告,188621.499,2016-06-30,2016-08-10,188621.499,002475.SZ,立讯精密,计算机、通信和其他电子设备制造业
002475,立讯精密,2016-07-13,2016-07-12,股份回购,188596.194,2016-07-12,2016-07-13,188596.194,002475.SZ,立讯精密,计算机、通信和其他电子设备制造业
002475,立讯精密,2016-10-21,2016-10-24,增发新股上市,212005.8632,2016-10-24,2016-10-21,212005.8632,002475.SZ,立讯精密,计算机、通信和其他电子设备制造业
002475,立讯精密,2016-12-16,2016-12-20,激励股份解禁,212005.8632,2016-12-20,2016-12-16,212005.8632,002475.SZ,立讯精密,计算机、通信和其他电子设备制造业
002475,立讯精密,2017-04-20,2016-12-31,定期报告,212005.8632,2016-12-31,2017-04-20,212005.8632,002475.SZ,立讯精密,计算机、通信和其他电子设备制造业
002475,立讯精密,2017-08-25,2017-06-30,定期报告,212005.8632,2017-06-30,2017-08-25,212005.8632,002475.SZ,立讯精密,计算机、通信和其他电子设备制造业
002475,立讯精密,2017-06-28,2017-07-06,转增,318008.7948,2017-07-06,2017-06-28,318008.7948,002475.SZ,立讯精密,计算机、通信和其他电子设备制造业
002475,立讯精密,2017-08-12,2017-08-11,股份回购,317296.2197,2017-08-11,2017-08-12,317296.2197,002475.SZ,立讯精密,计算机、通信和其他电子设备制造业
002475,立讯精密,2017-10-20,2017-10-24,限售股份上市,317296.2197,2017-10-24,2017-10-20,317296.2197,002475.SZ,立讯精密,计算机、通信和其他电子设备制造业
002475,立讯精密,2018-04-20,2017-12-31,定期报告,317296.2197,2017-12-31,2018-04-20,317296.2197,002475.SZ,立讯精密,计算机、通信和其他电子设备制造业
002475,立讯精密,2018-08-24,2018-06-30,定期报告,317296.2197,2018-06-30,2018-08-24,317296.2197,002475.SZ,立讯精密,计算机、通信和其他电子设备制造业
002475,立讯精密,2018-07-10,2018-07-17,转增,412485.0856,2018-07-17,2018-07-10,412485.0856,002475.SZ,立讯精密,计算机、通信和其他电子设备制造业
002475,立讯精密,2018-08-14,2018-08-13,股份回购,411461.6722,2018-08-13,2018-08-14,411461.6722,002475.SZ,立讯精密,计算机、通信和其他电子设备制造业
002475,立讯精密,2019-04-16,2018-12-31,定期报告,411461.6722,2018-12-31,2019-04-16,411461.6722,002475.SZ,立讯精密,计算机、通信和其他电子设备制造业
002475,立讯精密,2019-08-21,2019-06-30,定期报告,411461.6722,2019-06-30,2019-08-21,411461.6722,002475.SZ,立讯精密,计算机、通信和其他电子设备制造业
002475,立讯精密,2019-06-28,2019-07-05,转增,534900.1738,2019-07-05,2019-06-28,534900.1738,002475.SZ,立讯精密,计算机、通信和其他电子设备制造业
002475,立讯精密,2020-04-21,2019-12-31,"定期报告,期权行权",536511.5593,2019-12-31,2020-04-21,536511.5593,002475.SZ,立讯精密,计算机、通信和其他电子设备制造业
002475,立讯精密,2020-06-10,2020-06-17,"转增,期权行权",698387.1085,2020-06-17,2020-06-10,698387.1085,002475.SZ,立讯精密,计算机、通信和其他电子设备制造业
002475,立讯精密,2020-08-25,2020-06-30,定期报告,698387.1085,2020-06-30,2020-08-25,698387.1085,002475.SZ,立讯精密,计算机、通信和其他电子设备制造业
002475,立讯精密,2020-12-14,2020-12-10,期权行权,699678.7241,2020-12-10,2020-12-14,699678.7241,002475.SZ,立讯精密,计算机、通信和其他电子设备制造业
002475,立讯精密,2021-04-21,2020-12-31,"定期报告,期权行权",701783.3791,2020-12-31,2021-04-21,701783.3791,002475.SZ,立讯精密,计算机、通信和其他电子设备制造业
002475,立讯精密,2021-08-25,2021-06-30,"可转债转股,定期报告,期权行权",703542.8828,2021-06-30,2021-08-25,703542.8828,002475.SZ,立讯精密,计算机、通信和其他电子设备制造业
002475,立讯精密,2021-10-09,2021-09-30,"可转债转股,期权行权",704840.6277,2021-09-30,2021-10-09,704840.6277,002475.SZ,立讯精密,计算机、通信和其他电子设备制造业
002475,立讯精密,2022-04-28,2021-12-31,"定期报告,期权行权,可转债转股",707132.2764,2021-12-31,2022-04-28,707132.2764,002475.SZ,立讯精密,计算机、通信和其他电子设备制造业
002475,立讯精密,2022-04-02,2022-03-31,可转债转股,708430.146,2022-03-31,2022-04-02,708430.146,002475.SZ,立讯精密,计算机、通信和其他电子设备制造业
002475,立讯精密,2022-08-26,2022-06-30,"定期报告,期权行权,可转债转股",708545.4576,2022-06-30,2022-08-26,708545.4576,002475.SZ,立讯精密,计算机、通信和其他电子设备制造业
002475,立讯精密,2022-10-11,2022-09-30,可转债转股,709866.6298,2022-09-30,2022-10-11,709866.6298,002475.SZ,立讯精密,计算机、通信和其他电子设备制造业
002475,立讯精密,2023-01-04,2022-12-30,"可转债转股,期权行权",711548.4008,2022-12-30,2023-01-04,711548.4008,002475.SZ,立讯精密,计算机、通信和其他电子设备制造业
002475,立讯精密,2023-04-28,2022-12-31,定期报告,711548.4008,2022-12-31,2023-04-28,711548.4008,002475.SZ,立讯精密,计算机、通信和其他电子设备制造业
002475,立讯精密,2023-04-04,2023-03-31,"可转债转股,期权行权",713039.2021,2023-03-31,2023-04-04,713039.2021,002475.SZ,立讯精密,计算机、通信和其他电子设备制造业
002475,立讯精密,2023-06-09,2023-06-08,"期权行权,可转债转股",713225.1351,2023-06-08,2023-06-09,713225.1351,002475.SZ,立讯精密,计算机、通信和其他电子设备制造业
002475,立讯精密,2023-08-29,2023-06-30,定期报告,713225.1414,2023-06-30,2023-08-29,713225.1414,002475.SZ,立讯精密,计算机、通信和其他电子设备制造业
002475,立讯精密,2023-10-10,2023-09-28,可转债转股,714742.5154,2023-09-28,2023-10-10,714742.5154,002475.SZ,立讯精密,计算机、通信和其他电子设备制造业
002475,立讯精密,2024-01-03,2023-12-29,可转债转股,716068.2198,2023-12-29,2024-01-03,716068.2198,002475.SZ,立讯精密,计算机、通信和其他电子设备制造业
002475,立讯精密,2024-04-25,2023-12-31,定期报告,716068.2198,2023-12-31,2024-04-25,716068.2198,002475.SZ,立讯精密,计算机、通信和其他电子设备制造业
002475,立讯精密,2024-04-02,2024-03-29,可转债转股,717801.1313,2024-03-29,2024-04-02,717801.1313,002475.SZ,立讯精密,计算机、通信和其他电子设备制造业
002475,立讯精密,2024-07-02,2024-06-28,可转债转股,720092.6383,2024-06-28,2024-07-02,720092.6383,002475.SZ,立讯精密,计算机、通信和其他电子设备制造业
002475,立讯精密,2024-08-24,2024-06-30,定期报告,720092.6383,2024-06-30,2024-08-24,720092.6383,002475.SZ,立讯精密,计算机、通信和其他电子设备制造业
002475,立讯精密,2024-07-05,2024-07-04,可转债转股,720331.5644,2024-07-04,2024-07-05,720331.5644,002475.SZ,立讯精密,计算机、通信和其他电子设备制造业
002475,立讯精密,2024-10-09,2024-09-30,"可转债转股,期权行权",722620.8739,2024-09-30,2024-10-09,722620.8739,002475.SZ,立讯精密,计算机、通信和其他电子设备制造业
002475,立讯精密,2025-04-26,2024-12-31,"可转债转股,定期报告,期权行权",723781.6244,2024-12-31,2025-04-26,723781.6244,002475.SZ,立讯精密,计算机、通信和其他电子设备制造业
002475,立讯精密,2025-04-02,2025-03-31,"可转债转股,期权行权",724739.5805,2025-03-31,2025-04-02,724739.5805,002475.SZ,立讯精密,计算机、通信和其他电子设备制造业
002475,立讯精密,2025-08-26,2025-06-30,"可转债转股,定期报告,期权行权",725139.6444,2025-06-30,2025-08-26,725139.6444,002475.SZ,立讯精密,计算机、通信和其他电子设备制造业
002475,立讯精密,2025-07-08,2025-07-07,"可转债转股,期权行权",725201.5767,2025-07-07,2025-07-08,725201.5767,002475.SZ,立讯精密,计算机、通信和其他电子设备制造业
002475,立讯精密,2025-10-10,2025-09-30,"可转债转股,期权行权",728180.8472,2025-09-30,2025-10-10,728180.8472,002475.SZ,立讯精密,计算机、通信和其他电子设备制造业
002475,立讯精密,2026-04-15,2025-12-31,"可转债转股,定期报告,期权行权",728582.2884,2025-12-31,2026-04-15,728582.2884,002475.SZ,立讯精密,计算机、通信和其他电子设备制造业
002475,立讯精密,2026-02-06,2026-02-05,"可转债转股,期权行权",728598.4543,2026-02-05,2026-02-06,728598.4543,002475.SZ,立讯精密,计算机、通信和其他电子设备制造业
002475,立讯精密,2026-02-24,2026-02-12,"可转债转股,期权行权",728598.456,2026-02-12,2026-02-24,728598.456,002475.SZ,立讯精密,计算机、通信和其他电子设备制造业
002475,立讯精密,2026-04-02,2026-03-31,"可转债转股,期权行权",728598.4811,2026-03-31,2026-04-02,728598.4811,002475.SZ,立讯精密,计算机、通信和其他电子设备制造业
002475,立讯精密,2026-08-25,2026-06-30,"可转债转股,定期报告,期权行权",731908.865,2026-06-30,2026-08-25,731908.865,002475.SZ,立讯精密,计算机、通信和其他电子设备制造业
002475,立讯精密,2026-07-10,2026-07-09,"H股上市,可转债转股",772527.7765,2026-07-09,2026-07-10,772527.7765,002475.SZ,立讯精密,计算机、通信和其他电子设备制造业
002475,立讯精密,2026-08-07,2026-08-10,"可转债转股,期权行权,超额配售",773781.9806,2026-08-10,2026-08-07,773781.9806,002475.SZ,立讯精密,计算机、通信和其他电子设备制造业
002475,立讯精密,2026-09-05,2026-08-31,可转债转股,773787.6773,2026-08-31,2026-09-05,773787.6773,002475.SZ,立讯精密,计算机、通信和其他电子设备制造业
002594,比亚迪,2011-08-23,2011-06-30,"A股上市,定期报告",235410.0,2011-06-30,2011-08-23,235410.0,002594.SZ,比亚迪,汽车制造业
002594,比亚迪,2011-09-28,2011-09-30,配售股份上市,235410.0,2011-09-30,2011-09-28,235410.0,002594.SZ,比亚迪,汽车制造业
002594,比亚迪,2012-03-26,2011-12-31,定期报告,235410.0,2011-12-31,2012-03-26,235410.0,002594.SZ,比亚迪,汽车制造业
002594,比亚迪,2012-08-28,2012-06-30,定期报告,235410.0,2012-06-30,2012-08-28,235410.0,002594.SZ,比亚迪,汽车制造业
002594,比亚迪,2012-06-29,2012-07-02,限售股份上市,235410.0,2012-07-02,2012-06-29,235410.0,002594.SZ,比亚迪,汽车制造业
002594,比亚迪,2013-03-25,2012-12-31,定期报告,235410.0,2012-12-31,2013-03-25,235410.0,002594.SZ,比亚迪,汽车制造业
002594,比亚迪,2013-08-26,2013-06-30,定期报告,235410.0,2013-06-30,2013-08-26,235410.0,002594.SZ,比亚迪,汽车制造业
002594,比亚迪,2014-03-20,2013-12-31,定期报告,235410.0,2013-12-31,2014-03-20,235410.0,002594.SZ,比亚迪,汽车制造业
002594,比亚迪,2014-05-31,2014-05-30,配股上市,247600.0,2014-05-30,2014-05-31,247600.0,002594.SZ,比亚迪,汽车制造业
002594,比亚迪,2014-08-25,2014-06-30,定期报告,247600.0,2014-06-30,2014-08-25,247600.0,002594.SZ,比亚迪,汽车制造业
002594,比亚迪,2014-06-30,2014-07-01,限售股份上市,247600.0,2014-07-01,2014-06-30,247600.0,002594.SZ,比亚迪,汽车制造业
002594,比亚迪,2015-03-30,2014-12-31,定期报告,247600.0,2014-12-31,2015-03-30,247600.0,002594.SZ,比亚迪,汽车制造业
002594,比亚迪,2015-08-27,2015-06-30,定期报告,247600.0,2015-06-30,2015-08-27,247600.0,002594.SZ,比亚迪,汽车制造业
002594,比亚迪,2015-06-29,2015-07-01,限售股份上市,247600.0,2015-07-01,2015-06-29,247600.0,002594.SZ,比亚迪,汽车制造业
002594,比亚迪,2016-03-29,2015-12-31,定期报告,247600.0,2015-12-31,2016-03-29,247600.0,002594.SZ,比亚迪,汽车制造业
002594,比亚迪,2016-08-29,2016-06-30,定期报告,247600.0,2016-06-30,2016-08-29,247600.0,002594.SZ,比亚迪,汽车制造业
002594,比亚迪,2016-06-29,2016-07-01,限售股份上市,247600.0,2016-07-01,2016-06-29,247600.0,002594.SZ,比亚迪,汽车制造业
002594,比亚迪,2016-07-22,2016-07-25,增发新股上市,272814.2855,2016-07-25,2016-07-22,272814.2855,002594.SZ,比亚迪,汽车制造业
002594,比亚迪,2017-03-29,2016-12-31,定期报告,272814.2855,2016-12-31,2017-03-29,272814.2855,002594.SZ,比亚迪,汽车制造业
002594,比亚迪,2017-08-29,2017-06-30,定期报告,272814.2855,2017-06-30,2017-08-29,272814.2855,002594.SZ,比亚迪,汽车制造业
002594,比亚迪,2017-06-28,2017-07-03,限售股份上市,272814.2855,2017-07-03,2017-06-28,272814.2855,002594.SZ,比亚迪,汽车制造业
002594,比亚迪,2017-07-21,2017-07-25,限售股份上市,272814.2855,2017-07-25,2017-07-21,272814.2855,002594.SZ,比亚迪,汽车制造业
002594,比亚迪,2018-03-28,2017-12-31,定期报告,272814.2855,2017-12-31,2018-03-28,272814.2855,002594.SZ,比亚迪,汽车制造业
002594,比亚迪,2018-08-30,2018-06-30,定期报告,272814.2855,2018-06-30,2018-08-30,272814.2855,002594.SZ,比亚迪,汽车制造业
002594,比亚迪,2019-03-28,2018-12-31,定期报告,272814.2855,2018-12-31,2019-03-28,272814.2855,002594.SZ,比亚迪,汽车制造业
002594,比亚迪,2019-08-22,2019-06-30,定期报告,272814.2855,2019-06-30,2019-08-22,272814.2855,002594.SZ,比亚迪,汽车制造业
002594,比亚迪,2020-04-22,2019-12-31,定期报告,272814.2855,2019-12-31,2020-04-22,272814.2855,002594.SZ,比亚迪,汽车制造业
002594,比亚迪,2020-08-29,2020-06-30,定期报告,272814.2855,2020-06-30,2020-08-29,272814.2855,002594.SZ,比亚迪,汽车制造业
002594,比亚迪,2021-03-30,2020-12-31,定期报告,272814.2855,2020-12-31,2021-03-30,272814.2855,002594.SZ,比亚迪,汽车制造业
002594,比亚迪,2021-01-29,2021-01-28,增发新股上市,286114.2855,2021-01-28,2021-01-29,286114.2855,002594.SZ,比亚迪,汽车制造业
002594,比亚迪,2021-08-28,2021-06-30,定期报告,286114.2855,2021-06-30,2021-08-28,286114.2855,002594.SZ,比亚迪,汽车制造业
002594,比亚迪,2021-11-09,2021-11-08,增发新股上市,291114.2855,2021-11-08,2021-11-09,291114.2855,002594.SZ,比亚迪,汽车制造业
002594,比亚迪,2022-03-30,2021-12-31,定期报告,291114.2855,2021-12-31,2022-03-30,291114.2855,002594.SZ,比亚迪,汽车制造业
002594,比亚迪,2022-06-15,2022-06-13,其他,291114.2855,2022-06-13,2022-06-15,291114.2855,002594.SZ,比亚迪,汽车制造业
002594,比亚迪,2022-08-30,2022-06-30,定期报告,291114.2855,2022-06-30,2022-08-30,291114.2855,002594.SZ,比亚迪,汽车制造业
002594,比亚迪,2023-03-29,2022-12-31,定期报告,291114.2855,2022-12-31,2023-03-29,291114.2855,002594.SZ,比亚迪,汽车制造业
002594,比亚迪,2023-08-29,2023-06-30,定期报告,291114.2855,2023-06-30,2023-08-29,291114.2855,002594.SZ,比亚迪,汽车制造业
002594,比亚迪,2024-03-27,2023-12-31,定期报告,291114.2855,2023-12-31,2024-03-27,291114.2855,002594.SZ,比亚迪,汽车制造业
002594,比亚迪,2024-04-30,2024-04-26,其他,291114.2855,2024-04-26,2024-04-30,291114.2855,002594.SZ,比亚迪,汽车制造业
002594,比亚迪,2024-05-14,2024-05-10,股份回购,290926.5855,2024-05-10,2024-05-14,290926.5855,002594.SZ,比亚迪,汽车制造业
002594,比亚迪,2024-08-29,2024-06-30,定期报告,290926.5855,2024-06-30,2024-08-29,290926.5855,002594.SZ,比亚迪,汽车制造业
002594,比亚迪,2025-03-25,2024-12-31,定期报告,290926.5855,2024-12-31,2025-03-25,290926.5855,002594.SZ,比亚迪,汽车制造业
002594,比亚迪,2025-03-12,2025-03-11,增发新股上市,303906.5855,2025-03-11,2025-03-12,303906.5855,002594.SZ,比亚迪,汽车制造业
002594,比亚迪,2025-08-30,2025-06-30,定期报告,303906.5855,2025-06-30,2025-08-30,303906.5855,002594.SZ,比亚迪,汽车制造业
002594,比亚迪,2025-07-22,2025-07-29,"送股,转增",911719.7565,2025-07-29,2025-07-22,911719.7565,002594.SZ,比亚迪,汽车制造业
002594,比亚迪,2026-03-28,2025-12-31,定期报告,911719.7565,2025-12-31,2026-03-28,911719.7565,002594.SZ,比亚迪,汽车制造业
002594,比亚迪,2026-08-29,2026-06-30,定期报告,911719.7565,2026-06-30,2026-08-29,911719.7565,002594.SZ,比亚迪,汽车制造业
600030,中信证券,2003-04-15,2002-12-31,定期报告,248150.0,2002-12-31,2003-04-15,248150.0,600030.SH,中信证券,资本市场服务
600030,中信证券,2002-12-30,2003-01-06,A股上市,248150.0,2003-01-06,2002-12-30,248150.0,600030.SH,中信证券,资本市场服务
600030,中信证券,2003-08-15,2003-06-30,定期报告,248150.0,2003-06-30,2003-08-15,248150.0,600030.SH,中信证券,资本市场服务
600030,中信证券,2004-03-29,2003-12-31,定期报告,248150.0,2003-12-31,2004-03-29,248150.0,600030.SH,中信证券,资本市场服务
600030,中信证券,2004-08-26,2004-06-30,定期报告,248150.0,2004-06-30,2004-08-26,248150.0,600030.SH,中信证券,资本市场服务
600030,中信证券,2005-04-20,2004-12-31,定期报告,248150.0,2004-12-31,2005-04-20,248150.0,600030.SH,中信证券,资本市场服务
600030,中信证券,2005-08-12,2005-06-30,定期报告,248150.0,2005-06-30,2005-08-12,248150.0,600030.SH,中信证券,资本市场服务
600030,中信证券,2005-08-09,2005-08-15,股权分置,248150.0,2005-08-15,2005-08-09,248150.0,600030.SH,中信证券,资本市场服务
600030,中信证券,2006-03-29,2005-12-31,定期报告,248150.0,2005-12-31,2006-03-29,248150.0,600030.SH,中信证券,资本市场服务
600030,中信证券,2006-06-28,2006-06-27,增发新股上市,298150.0,2006-06-27,2006-06-28,298150.0,600030.SH,中信证券,资本市场服务
600030,中信证券,2006-08-16,2006-06-30,定期报告,298150.0,2006-06-30,2006-08-16,298150.0,600030.SH,中信证券,资本市场服务
600030,中信证券,2006-08-10,2006-08-15,股权分置受限股份上市,298150.0,2006-08-15,2006-08-10,298150.0,600030.SH,中信证券,资本市场服务
600030,中信证券,2007-03-16,2006-12-31,定期报告,298150.0,2006-12-31,2007-03-16,298150.0,600030.SH,中信证券,资本市场服务
600030,中信证券,2007-06-22,2007-06-27,配售股份上市,298150.0,2007-06-27,2007-06-22,298150.0,600030.SH,中信证券,资本市场服务
600030,中信证券,2007-08-15,2007-06-30,定期报告,298150.0,2007-06-30,2007-08-15,298150.0,600030.SH,中信证券,资本市场服务
600030,中信证券,2007-08-10,2007-08-15,股权分置受限股份上市,298150.0,2007-08-15,2007-08-10,298150.0,600030.SH,中信证券,资本市场服务
600030,中信证券,2007-09-03,2007-09-04,增发新股上市,331523.38,2007-09-04,2007-09-03,331523.38,600030.SH,中信证券,资本市场服务
600030,中信证券,2008-03-17,2007-12-31,定期报告,331523.38,2007-12-31,2008-03-17,331523.38,600030.SH,中信证券,资本市场服务
600030,中信证券,2008-04-18,2008-04-24,转增,663046.76,2008-04-24,2008-04-18,663046.76,600030.SH,中信证券,资本市场服务
600030,中信证券,2008-08-09,2008-06-30,定期报告,663046.76,2008-06-30,2008-08-09,663046.76,600030.SH,中信证券,资本市场服务
600030,中信证券,2008-08-09,2008-08-15,股权分置受限股份上市,663046.76,2008-08-15,2008-08-09,663046.76,600030.SH,中信证券,资本市场服务
600030,中信证券,2009-04-30,2008-12-31,定期报告,663046.76,2008-12-31,2009-04-30,663046.76,600030.SH,中信证券,资本市场服务
600030,中信证券,2009-08-15,2009-06-30,定期报告,663046.76,2009-06-30,2009-08-15,663046.76,600030.SH,中信证券,资本市场服务
600030,中信证券,2010-03-31,2009-12-31,定期报告,663046.76,2009-12-31,2010-03-31,663046.76,600030.SH,中信证券,资本市场服务
600030,中信证券,2010-06-18,2010-06-24,转增,994570.14,2010-06-24,2010-06-18,994570.14,600030.SH,中信证券,资本市场服务
600030,中信证券,2010-08-28,2010-06-30,定期报告,994570.14,2010-06-30,2010-08-28,994570.14,600030.SH,中信证券,资本市场服务
600030,中信证券,2011-04-09,2010-12-31,定期报告,994570.14,2010-12-31,2011-04-09,994570.14,600030.SH,中信证券,资本市场服务
600030,中信证券,2011-08-20,2011-06-30,定期报告,994570.14,2011-06-30,2011-08-20,994570.14,600030.SH,中信证券,资本市场服务
600030,中信证券,2011-08-27,2011-09-06,激励股份解禁,994570.14,2011-09-06,2011-08-27,994570.14,600030.SH,中信证券,资本市场服务
600030,中信证券,2011-09-30,2011-09-30,其他,994570.14,2011-09-30,2011-09-30,994570.14,600030.SH,中信证券,资本市场服务
600030,中信证券,2011-10-10,2011-10-06,H股上市,1094100.14,2011-10-06,2011-10-10,1094100.14,600030.SH,中信证券,资本市场服务
600030,中信证券,2011-10-31,2011-10-31,超额配售,1101690.84,2011-10-31,2011-10-31,1101690.84,600030.SH,中信证券,资本市场服务
600030,中信证券,2012-03-30,2011-12-31,定期报告,1101690.84,2011-12-31,2012-03-30,1101690.84,600030.SH,中信证券,资本市场服务
600030,中信证券,2012-08-31,2012-06-30,定期报告,1101690.84,2012-06-30,2012-08-31,1101690.84,600030.SH,中信证券,资本市场服务
600030,中信证券,2013-03-28,2012-12-31,定期报告,1101690.84,2012-12-31,2013-03-28,1101690.84,600030.SH,中信证券,资本市场服务
600030,中信证券,2013-08-30,2013-06-30,定期报告,1101690.84,2013-06-30,2013-08-30,1101690.84,600030.SH,中信证券,资本市场服务
600030,中信证券,2014-03-28,2013-12-31,定期报告,1101690.84,2013-12-31,2014-03-28,1101690.84,600030.SH,中信证券,资本市场服务
600030,中信证券,2014-08-29,2014-06-30,定期报告,1101690.84,2014-06-30,2014-08-29,1101690.84,600030.SH,中信证券,资本市场服务
600030,中信证券,2015-03-24,2014-12-31,定期报告,1101690.84,2014-12-31,2015-03-24,1101690.84,600030.SH,中信证券,资本市场服务
600030,中信证券,2015-06-24,2015-06-23,H股上市,1211690.84,2015-06-23,2015-06-24,1211690.84,600030.SH,中信证券,资本市场服务
600030,中信证券,2015-08-25,2015-06-30,定期报告,1211690.84,2015-06-30,2015-08-25,1211690.84,600030.SH,中信证券,资本市场服务
600030,中信证券,2016-03-24,2015-12-31,定期报告,1211690.84,2015-12-31,2016-03-24,1211690.84,600030.SH,中信证券,资本市场服务
600030,中信证券,2016-08-25,2016-06-30,定期报告,1211690.84,2016-06-30,2016-08-25,1211690.84,600030.SH,中信证券,资本市场服务
600030,中信证券,2017-03-23,2016-12-31,定期报告,1211690.84,2016-12-31,2017-03-23,1211690.84,600030.SH,中信证券,资本市场服务
600030,中信证券,2017-08-26,2017-06-30,定期报告,1211690.84,2017-06-30,2017-08-26,1211690.84,600030.SH,中信证券,资本市场服务
600030,中信证券,2018-03-23,2017-12-31,定期报告,1211690.84,2017-12-31,2018-03-23,1211690.84,600030.SH,中信证券,资本市场服务
600030,中信证券,2018-08-24,2018-06-30,定期报告,1211690.84,2018-06-30,2018-08-24,1211690.84,600030.SH,中信证券,资本市场服务
600030,中信证券,2019-03-22,2018-12-31,定期报告,1211690.84,2018-12-31,2019-03-22,1211690.84,600030.SH,中信证券,资本市场服务
600030,中信证券,2019-08-23,2019-06-30,定期报告,1211690.84,2019-06-30,2019-08-23,1211690.84,600030.SH,中信证券,资本市场服务
600030,中信证券,2020-03-20,2019-12-31,定期报告,1211690.84,2019-12-31,2020-03-20,1211690.84,600030.SH,中信证券,资本市场服务
600030,中信证券,2020-03-13,2020-03-11,增发新股上市,1292677.6029,2020-03-11,2020-03-13,1292677.6029,600030.SH,中信证券,资本市场服务
600030,中信证券,2020-08-25,2020-06-30,定期报告,1292677.6029,2020-06-30,2020-08-25,1292677.6029,600030.SH,中信证券,资本市场服务
600030,中信证券,2021-03-19,2020-12-31,定期报告,1292677.6029,2020-12-31,2021-03-19,1292677.6029,600030.SH,中信证券,资本市场服务
600030,中信证券,2021-08-20,2021-06-30,定期报告,1292677.6029,2021-06-30,2021-08-20,1292677.6029,600030.SH,中信证券,资本市场服务
600030,中信证券,2022-03-29,2021-12-31,定期报告,1292677.6029,2021-12-31,2022-03-29,1292677.6029,600030.SH,中信证券,资本市场服务
600030,中信证券,2022-02-10,2022-02-15,配股上市,1447879.7674,2022-02-15,2022-02-10,1447879.7674,600030.SH,中信证券,资本市场服务
600030,中信证券,2022-03-03,2022-03-04,配股上市,1482054.6829,2022-03-04,2022-03-03,1482054.6829,600030.SH,中信证券,资本市场服务
600030,中信证券,2022-08-30,2022-06-30,定期报告,1482054.6829,2022-06-30,2022-08-30,1482054.6829,600030.SH,中信证券,资本市场服务
600030,中信证券,2023-03-31,2022-12-31,定期报告,1482054.6829,2022-12-31,2023-03-31,1482054.6829,600030.SH,中信证券,资本市场服务
600030,中信证券,2023-08-30,2023-06-30,定期报告,1482054.6829,2023-06-30,2023-08-30,1482054.6829,600030.SH,中信证券,资本市场服务
600030,中信证券,2024-03-27,2023-12-31,定期报告,1482054.6829,2023-12-31,2024-03-27,1482054.6829,600030.SH,中信证券,资本市场服务
600030,中信证券,2024-08-29,2024-06-30,定期报告,1482054.6829,2024-06-30,2024-08-29,1482054.6829,600030.SH,中信证券,资本市场服务
600030,中信证券,2024-09-05,2024-09-11,限售股份上市,1482054.6829,2024-09-11,2024-09-05,1482054.6829,600030.SH,中信证券,资本市场服务
600030,中信证券,2025-03-27,2024-12-31,定期报告,1482054.6829,2024-12-31,2025-03-27,1482054.6829,600030.SH,中信证券,资本市场服务
600030,中信证券,2025-08-29,2025-06-30,定期报告,1482054.6829,2025-06-30,2025-08-29,1482054.6829,600030.SH,中信证券,资本市场服务
600030,中信证券,2026-03-27,2025-12-31,定期报告,1482054.6829,2025-12-31,2026-03-27,1482054.6829,600030.SH,中信证券,资本市场服务
600030,中信证券,2026-08-21,2026-06-30,定期报告,1482054.6829,2026-06-30,2026-08-21,1482054.6829,600030.SH,中信证券,资本市场服务
600030,中信证券,2026-08-07,2026-08-06,增发新股上市,1562427.2212,2026-08-06,2026-08-07,1562427.2212,600030.SH,中信证券,资本市场服务
600036,招商银行,,2002-04-09,A股上市,570681.803,2002-04-09,,570681.803,600036.SH,招商银行,货币金融服务
600036,招商银行,,2002-06-30,定期报告,570681.803,2002-06-30,,570681.803,600036.SH,招商银行,货币金融服务
600036,招商银行,,2002-07-10,配售股份上市,570681.803,2002-07-10,,570681.803,600036.SH,招商银行,货币金融服务
600036,招商银行,,2002-08-12,配售股份上市,570681.803,2002-08-12,,570681.803,600036.SH,招商银行,货币金融服务
600036,招商银行,2002-12-05,2002-12-10,其他,570681.803,2002-12-10,2002-12-05,570681.803,600036.SH,招商银行,货币金融服务
600036,招商银行,2003-04-18,2002-12-31,定期报告,570681.803,2002-12-31,2003-04-18,570681.803,600036.SH,招商银行,货币金融服务
600036,招商银行,2003-04-08,2003-04-10,配售股份上市,570681.803,2003-04-10,2003-04-08,570681.803,600036.SH,招商银行,货币金融服务
600036,招商银行,2003-08-26,2003-06-30,定期报告,570681.803,2003-06-30,2003-08-26,570681.803,600036.SH,招商银行,货币金融服务
600036,招商银行,2004-02-18,2003-12-31,定期报告,570681.803,2003-12-31,2004-02-18,570681.803,600036.SH,招商银行,货币金融服务
600036,招商银行,2004-04-28,2004-05-11,"送股,转增",684818.1636,2004-05-11,2004-04-28,684818.1636,600036.SH,招商银行,货币金融服务
600036,招商银行,2004-08-06,2004-06-30,定期报告,684818.1636,2004-06-30,2004-08-06,684818.1636,600036.SH,招商银行,货币金融服务
600036,招商银行,2005-03-31,2004-12-31,定期报告,684818.1636,2004-12-31,2005-03-31,684818.1636,600036.SH,招商银行,货币金融服务
600036,招商银行,2005-06-14,2005-06-20,"送股,转增",1027236.8123,2005-06-20,2005-06-14,1027236.8123,600036.SH,招商银行,货币金融服务
600036,招商银行,2005-08-19,2005-06-30,"可转债转股,定期报告",1027237.6305,2005-06-30,2005-08-19,1027237.6305,600036.SH,招商银行,货币金融服务
600036,招商银行,2005-10-11,2005-09-30,可转债转股,1030588.7828,2005-09-30,2005-10-11,1030588.7828,600036.SH,招商银行,货币金融服务
600036,招商银行,2006-04-12,2005-12-31,"可转债转股,定期报告",1037434.3814,2005-12-31,2006-04-12,1037434.3814,600036.SH,招商银行,货币金融服务
600036,招商银行,2006-02-22,2006-02-27,股权分置,1227906.3413,2006-02-27,2006-02-22,1227906.3413,600036.SH,招商银行,货币金融服务
600036,招商银行,2006-04-04,2006-03-31,可转债转股,1227932.886,2006-03-31,2006-04-04,1227932.886,600036.SH,招商银行,货币金融服务
600036,招商银行,2006-08-09,2006-06-30,"可转债转股,定期报告",1227982.8963,2006-06-30,2006-08-09,1227982.8963,600036.SH,招商银行,货币金融服务
600036,招商银行,2006-09-23,2006-09-22,H股上市,1448184.8883,2006-09-22,2006-09-23,1448184.8883,600036.SH,招商银行,货币金融服务
600036,招商银行,2006-10-10,2006-09-30,可转债转股,1448256.243,2006-09-30,2006-10-10,1448256.243,600036.SH,招商银行,货币金融服务
600036,招商银行,2006-10-10,2006-10-05,超额配售,1470256.243,2006-10-05,2006-10-10,1470256.243,600036.SH,招商银行,货币金融服务
600036,招商银行,2007-04-17,2006-12-31,"可转债转股,定期报告",1470325.9274,2006-12-31,2007-04-17,1470325.9274,600036.SH,招商银行,货币金融服务
600036,招商银行,2007-04-03,2007-03-31,可转债转股,1470342.1227,2007-03-31,2007-04-03,1470342.1227,600036.SH,招商银行,货币金融服务
600036,招商银行,2007-08-10,2007-06-30,"可转债转股,定期报告",1470377.778,2007-06-30,2007-08-10,1470377.778,600036.SH,招商银行,货币金融服务
600036,招商银行,2007-10-09,2007-09-30,可转债转股,1470442.7398,2007-09-30,2007-10-09,1470442.7398,600036.SH,招商银行,货币金融服务
600036,招商银行,2008-03-19,2007-12-31,"可转债转股,定期报告",1470506.4834,2007-12-31,2008-03-19,1470506.4834,600036.SH,招商银行,货币金融服务
600036,招商银行,2008-02-22,2008-02-27,股权分置受限股份上市,1470506.4834,2008-02-27,2008-02-22,1470506.4834,600036.SH,招商银行,货币金融服务
600036,招商银行,2008-04-02,2008-03-31,可转债转股,1470716.9355,2008-03-31,2008-04-02,1470716.9355,600036.SH,招商银行,货币金融服务
600036,招商银行,2008-08-19,2008-06-30,"可转债转股,定期报告",1470717.4055,2008-06-30,2008-08-19,1470717.4055,600036.SH,招商银行,货币金融服务
600036,招商银行,2008-10-08,2008-09-30,可转债转股,1470717.9277,2008-09-30,2008-10-08,1470717.9277,600036.SH,招商银行,货币金融服务
600036,招商银行,2009-04-25,2008-12-31,"可转债转股,定期报告",1470718.4674,2008-12-31,2009-04-25,1470718.4674,600036.SH,招商银行,货币金融服务
600036,招商银行,2009-02-24,2009-03-02,股权分置受限股份上市,1470718.4674,2009-03-02,2009-02-24,1470718.4674,600036.SH,招商银行,货币金融服务
600036,招商银行,2009-04-03,2009-03-31,可转债转股,1470719.3033,2009-03-31,2009-04-03,1470719.3033,600036.SH,招商银行,货币金融服务
600036,招商银行,2009-08-29,2009-06-30,"可转债转股,定期报告",1470720.3828,2009-06-30,2009-08-29,1470720.3828,600036.SH,招商银行,货币金融服务
600036,招商银行,2009-06-29,2009-07-03,送股,1911936.4976,2009-07-03,2009-06-29,1911936.4976,600036.SH,招商银行,货币金融服务
600036,招商银行,2009-10-10,2009-09-30,可转债转股,1911941.0429,2009-09-30,2009-10-10,1911941.0429,600036.SH,招商银行,货币金融服务
600036,招商银行,2010-04-14,2009-12-31,定期报告,1911949.0016,2009-12-31,2010-04-14,1911949.0016,600036.SH,招商银行,货币金融服务
600036,招商银行,2010-03-17,2010-03-19,配股上市,2112673.0885,2010-03-19,2010-03-17,2112673.0885,600036.SH,招商银行,货币金融服务
600036,招商银行,2010-04-08,2010-04-09,配股上市,2157660.8885,2010-04-09,2010-04-08,2157660.8885,600036.SH,招商银行,货币金融服务
600036,招商银行,2010-08-19,2010-06-30,定期报告,2157660.8885,2010-06-30,2010-08-19,2157660.8885,600036.SH,招商银行,货币金融服务
600036,招商银行,2011-04-01,2010-12-31,定期报告,2157660.8885,2010-12-31,2011-04-01,2157660.8885,600036.SH,招商银行,货币金融服务
600036,招商银行,2011-08-31,2011-06-30,定期报告,2157660.8885,2011-06-30,2011-08-31,2157660.8885,600036.SH,招商银行,货币金融服务
600036,招商银行,2012-03-29,2011-12-31,定期报告,2157660.8885,2011-12-31,2012-03-29,2157660.8885,600036.SH,招商银行,货币金融服务
600036,招商银行,2012-08-18,2012-06-30,定期报告,2157660.8885,2012-06-30,2012-08-18,2157660.8885,600036.SH,招商银行,货币金融服务
600036,招商银行,2013-03-29,2012-12-31,定期报告,2157660.8885,2012-12-31,2013-03-29,2157660.8885,600036.SH,招商银行,货币金融服务
600036,招商银行,2013-08-17,2013-06-30,定期报告,2157660.8885,2013-06-30,2013-08-17,2157660.8885,600036.SH,招商银行,货币金融服务
600036,招商银行,2013-09-09,2013-09-11,配股上市,2453942.2429,2013-09-11,2013-09-09,2453942.2429,600036.SH,招商银行,货币金融服务
600036,招商银行,2013-09-27,2013-10-02,配股上市,2521984.5601,2013-10-02,2013-09-27,2521984.5601,600036.SH,招商银行,货币金融服务
600036,招商银行,2014-03-29,2013-12-31,定期报告,2521984.5601,2013-12-31,2014-03-29,2521984.5601,600036.SH,招商银行,货币金融服务
600036,招商银行,2014-08-30,2014-06-30,定期报告,2521984.5601,2014-06-30,2014-08-30,2521984.5601,600036.SH,招商银行,货币金融服务
600036,招商银行,2015-03-19,2014-12-31,定期报告,2521984.5601,2014-12-31,2015-03-19,2521984.5601,600036.SH,招商银行,货币金融服务
600036,招商银行,2015-08-26,2015-06-30,定期报告,2521984.5601,2015-06-30,2015-08-26,2521984.5601,600036.SH,招商银行,货币金融服务
600036,招商银行,2016-03-31,2015-12-31,定期报告,2521984.5601,2015-12-31,2016-03-31,2521984.5601,600036.SH,招商银行,货币金融服务
600036,招商银行,2016-08-19,2016-06-30,定期报告,2521984.5601,2016-06-30,2016-08-19,2521984.5601,600036.SH,招商银行,货币金融服务
600036,招商银行,2017-03-25,2016-12-31,定期报告,2521984.5601,2016-12-31,2017-03-25,2521984.5601,600036.SH,招商银行,货币金融服务
600036,招商银行,2017-08-19,2017-06-30,定期报告,2521984.5601,2017-06-30,2017-08-19,2521984.5601,600036.SH,招商银行,货币金融服务
600036,招商银行,2018-03-24,2017-12-31,定期报告,2521984.5601,2017-12-31,2018-03-24,2521984.5601,600036.SH,招商银行,货币金融服务
600036,招商银行,2018-08-25,2018-06-30,定期报告,2521984.5601,2018-06-30,2018-08-25,2521984.5601,600036.SH,招商银行,货币金融服务
600036,招商银行,2019-03-23,2018-12-31,定期报告,2521984.5601,2018-12-31,2019-03-23,2521984.5601,600036.SH,招商银行,货币金融服务
600036,招商银行,2019-08-24,2019-06-30,定期报告,2521984.5601,2019-06-30,2019-08-24,2521984.5601,600036.SH,招商银行,货币金融服务
600036,招商银行,2020-03-21,2019-12-31,定期报告,2521984.5601,2019-12-31,2020-03-21,2521984.5601,600036.SH,招商银行,货币金融服务
600036,招商银行,2020-08-29,2020-06-30,定期报告,2521984.5601,2020-06-30,2020-08-29,2521984.5601,600036.SH,招商银行,货币金融服务
600036,招商银行,2021-03-20,2020-12-31,定期报告,2521984.5601,2020-12-31,2021-03-20,2521984.5601,600036.SH,招商银行,货币金融服务
600036,招商银行,2021-08-14,2021-06-30,定期报告,2521984.5601,2021-06-30,2021-08-14,2521984.5601,600036.SH,招商银行,货币金融服务
600036,招商银行,2022-03-19,2021-12-31,定期报告,2521984.5601,2021-12-31,2022-03-19,2521984.5601,600036.SH,招商银行,货币金融服务
600036,招商银行,2022-08-20,2022-06-30,定期报告,2521984.5601,2022-06-30,2022-08-20,2521984.5601,600036.SH,招商银行,货币金融服务
600036,招商银行,2023-03-25,2022-12-31,定期报告,2521984.5601,2022-12-31,2023-03-25,2521984.5601,600036.SH,招商银行,货币金融服务
600036,招商银行,2023-08-26,2023-06-30,定期报告,2521984.5601,2023-06-30,2023-08-26,2521984.5601,600036.SH,招商银行,货币金融服务
600036,招商银行,2024-03-26,2023-12-31,定期报告,2521984.5601,2023-12-31,2024-03-26,2521984.5601,600036.SH,招商银行,货币金融服务
600036,招商银行,2024-08-30,2024-06-30,定期报告,2521984.5601,2024-06-30,2024-08-30,2521984.5601,600036.SH,招商银行,货币金融服务
600036,招商银行,2025-03-26,2024-12-31,定期报告,2521984.5601,2024-12-31,2025-03-26,2521984.5601,600036.SH,招商银行,货币金融服务
600036,招商银行,2025-08-30,2025-06-30,定期报告,2521984.5601,2025-06-30,2025-08-30,2521984.5601,600036.SH,招商银行,货币金融服务
600036,招商银行,2026-03-28,2025-12-31,定期报告,2521984.5601,2025-12-31,2026-03-28,2521984.5601,600036.SH,招商银行,货币金融服务
600036,招商银行,2026-08-29,2026-06-30,定期报告,2521984.5601,2026-06-30,2026-08-29,2521984.5601,600036.SH,招商银行,货币金融服务
600276,恒瑞医药,,1999-12-31,定期报告,9285.0,1999-12-31,,9285.0,600276.SH,恒瑞医药,医药制造业
600276,恒瑞医药,,2000-06-30,定期报告,9285.0,2000-06-30,,9285.0,600276.SH,恒瑞医药,医药制造业
600276,恒瑞医药,,2000-10-18,A股上市,13285.0,2000-10-18,,13285.0,600276.SH,恒瑞医药,医药制造业
600276,恒瑞医药,,2000-12-31,定期报告,13285.0,2000-12-31,,13285.0,600276.SH,恒瑞医药,医药制造业
600276,恒瑞医药,,2001-05-11,"送股,转增",21256.0,2001-05-11,,21256.0,600276.SH,恒瑞医药,医药制造业
600276,恒瑞医药,,2001-06-30,定期报告,21256.0,2001-06-30,,21256.0,600276.SH,恒瑞医药,医药制造业
600276,恒瑞医药,,2001-12-31,定期报告,21256.0,2001-12-31,,21256.0,600276.SH,恒瑞医药,医药制造业
600276,恒瑞医药,,2002-05-21,"送股,转增",25507.2,2002-05-21,,25507.2,600276.SH,恒瑞医药,医药制造业
600276,恒瑞医药,,2002-06-30,定期报告,25507.2,2002-06-30,,25507.2,600276.SH,恒瑞医药,医药制造业
600276,恒瑞医药,2003-04-22,2002-12-31,定期报告,25507.2,2002-12-31,2003-04-22,25507.2,600276.SH,恒瑞医药,医药制造业
600276,恒瑞医药,2003-08-18,2003-06-30,定期报告,25507.2,2003-06-30,2003-08-18,25507.2,600276.SH,恒瑞医药,医药制造业
600276,恒瑞医药,2003-10-22,2003-10-17,股权转让,25507.2,2003-10-17,2003-10-22,25507.2,600276.SH,恒瑞医药,医药制造业
600276,恒瑞医药,2004-02-18,2003-12-31,定期报告,25507.2,2003-12-31,2004-02-18,25507.2,600276.SH,恒瑞医药,医药制造业
600276,恒瑞医药,2004-08-10,2004-06-30,定期报告,25507.2,2004-06-30,2004-08-10,25507.2,600276.SH,恒瑞医药,医药制造业
600276,恒瑞医药,2005-01-25,2004-12-31,定期报告,25507.2,2004-12-31,2005-01-25,25507.2,600276.SH,恒瑞医药,医药制造业
600276,恒瑞医药,2005-08-09,2005-06-30,定期报告,25507.2,2005-06-30,2005-08-09,25507.2,600276.SH,恒瑞医药,医药制造业
600276,恒瑞医药,2006-03-29,2005-12-31,定期报告,25507.2,2005-12-31,2006-03-29,25507.2,600276.SH,恒瑞医药,医药制造业
600276,恒瑞医药,2006-06-15,2006-06-20,股权分置,25507.2,2006-06-20,2006-06-15,25507.2,600276.SH,恒瑞医药,医药制造业
600276,恒瑞医药,2006-07-19,2006-06-30,定期报告,25507.2,2006-06-30,2006-07-19,25507.2,600276.SH,恒瑞医药,医药制造业
600276,恒瑞医药,2006-08-23,2006-08-29,转增,33159.36,2006-08-29,2006-08-23,33159.36,600276.SH,恒瑞医药,医药制造业
600276,恒瑞医药,2007-02-08,2006-12-31,定期报告,33159.36,2006-12-31,2007-02-08,33159.36,600276.SH,恒瑞医药,医药制造业
600276,恒瑞医药,2007-03-28,2007-04-02,送股,43107.168,2007-04-02,2007-03-28,43107.168,600276.SH,恒瑞医药,医药制造业
600276,恒瑞医药,2007-06-15,2007-06-20,股权分置受限股份上市,43107.168,2007-06-20,2007-06-15,43107.168,600276.SH,恒瑞医药,医药制造业
600276,恒瑞医药,2007-08-08,2007-06-30,定期报告,43107.168,2007-06-30,2007-08-08,43107.168,600276.SH,恒瑞医药,医药制造业
600276,恒瑞医药,2008-02-28,2007-12-31,定期报告,43107.168,2007-12-31,2008-02-28,43107.168,600276.SH,恒瑞医药,医药制造业
600276,恒瑞医药,2008-04-07,2008-04-11,送股,51728.6016,2008-04-11,2008-04-07,51728.6016,600276.SH,恒瑞医药,医药制造业
600276,恒瑞医药,2008-06-18,2008-06-20,股权分置受限股份上市,51728.6016,2008-06-20,2008-06-18,51728.6016,600276.SH,恒瑞医药,医药制造业
600276,恒瑞医药,2008-08-01,2008-06-30,定期报告,51728.6016,2008-06-30,2008-08-01,51728.6016,600276.SH,恒瑞医药,医药制造业
600276,恒瑞医药,2009-02-18,2008-12-31,定期报告,51728.6016,2008-12-31,2009-02-18,51728.6016,600276.SH,恒瑞医药,医药制造业
600276,恒瑞医药,2009-04-24,2009-04-30,送股,62074.322,2009-04-30,2009-04-24,62074.322,600276.SH,恒瑞医药,医药制造业
600276,恒瑞医药,2009-06-17,2009-06-22,股权分置受限股份上市,62074.322,2009-06-22,2009-06-17,62074.322,600276.SH,恒瑞医药,医药制造业
600276,恒瑞医药,2009-08-26,2009-06-30,定期报告,62074.322,2009-06-30,2009-08-26,62074.322,600276.SH,恒瑞医药,医药制造业
600276,恒瑞医药,2010-02-08,2009-12-31,定期报告,62074.322,2009-12-31,2010-02-08,62074.322,600276.SH,恒瑞医药,医药制造业
600276,恒瑞医药,2010-03-10,2010-03-17,送股,74489.1864,2010-03-17,2010-03-10,74489.1864,600276.SH,恒瑞医药,医药制造业
600276,恒瑞医药,2010-08-07,2010-06-30,定期报告,74489.1864,2010-06-30,2010-08-07,74489.1864,600276.SH,恒瑞医药,医药制造业
600276,恒瑞医药,2010-07-29,2010-07-28,"增发新股上市,股权激励",74943.3164,2010-07-28,2010-07-29,74943.3164,600276.SH,恒瑞医药,医药制造业
600276,恒瑞医药,2011-03-02,2010-12-31,定期报告,74943.3164,2010-12-31,2011-03-02,74943.3164,600276.SH,恒瑞医药,医药制造业
600276,恒瑞医药,2011-04-20,2011-04-26,"送股,转增",112414.9746,2011-04-26,2011-04-20,112414.9746,600276.SH,恒瑞医药,医药制造业
600276,恒瑞医药,2011-08-06,2011-06-30,定期报告,112414.9746,2011-06-30,2011-08-06,112414.9746,600276.SH,恒瑞医药,医药制造业
600276,恒瑞医药,2011-07-06,2011-07-11,激励股份解禁,112414.9746,2011-07-11,2011-07-06,112414.9746,600276.SH,恒瑞医药,医药制造业
600276,恒瑞医药,2012-03-20,2011-12-31,定期报告,112414.9746,2011-12-31,2012-03-20,112414.9746,600276.SH,恒瑞医药,医药制造业
600276,恒瑞医药,2012-05-22,2012-05-29,送股,123656.4721,2012-05-29,2012-05-22,123656.4721,600276.SH,恒瑞医药,医药制造业
600276,恒瑞医药,2012-08-10,2012-06-30,定期报告,123656.4721,2012-06-30,2012-08-10,123656.4721,600276.SH,恒瑞医药,医药制造业
600276,恒瑞医药,2012-07-02,2012-07-05,激励股份解禁,123656.4721,2012-07-05,2012-07-02,123656.4721,600276.SH,恒瑞医药,医药制造业
600276,恒瑞医药,2013-04-02,2012-12-31,定期报告,123656.4721,2012-12-31,2013-04-02,123656.4721,600276.SH,恒瑞医药,医药制造业
600276,恒瑞医药,2013-06-03,2013-06-07,送股,136022.1193,2013-06-07,2013-06-03,136022.1193,600276.SH,恒瑞医药,医药制造业
600276,恒瑞医药,2013-08-17,2013-06-30,定期报告,136022.1193,2013-06-30,2013-08-17,136022.1193,600276.SH,恒瑞医药,医药制造业
600276,恒瑞医药,2013-07-02,2013-07-05,激励股份解禁,136022.1193,2013-07-05,2013-07-02,136022.1193,600276.SH,恒瑞医药,医药制造业
600276,恒瑞医药,2014-04-09,2013-12-31,定期报告,136022.1193,2013-12-31,2014-04-09,136022.1193,600276.SH,恒瑞医药,医药制造业
600276,恒瑞医药,2014-05-09,2014-05-15,送股,149624.3312,2014-05-15,2014-05-09,149624.3312,600276.SH,恒瑞医药,医药制造业
600276,恒瑞医药,2014-08-16,2014-06-30,定期报告,149624.3312,2014-06-30,2014-08-16,149624.3312,600276.SH,恒瑞医药,医药制造业
600276,恒瑞医药,2014-07-18,2014-07-16,"增发新股上市,股权激励",150399.2812,2014-07-16,2014-07-18,150399.2812,600276.SH,恒瑞医药,医药制造业
600276,恒瑞医药,2015-03-31,2014-12-31,定期报告,150399.2812,2014-12-31,2015-03-31,150399.2812,600276.SH,恒瑞医药,医药制造业
600276,恒瑞医药,2015-01-17,2015-01-14,"增发新股上市,股权激励",150501.5812,2015-01-14,2015-01-17,150501.5812,600276.SH,恒瑞医药,医药制造业
600276,恒瑞医药,2015-05-27,2015-05-27,股份回购,150499.9312,2015-05-27,2015-05-27,150499.9312,600276.SH,恒瑞医药,医药制造业
600276,恒瑞医药,2015-06-09,2015-06-15,"送股,转增",195649.9106,2015-06-15,2015-06-09,195649.9106,600276.SH,恒瑞医药,医药制造业
600276,恒瑞医药,2015-08-25,2015-06-30,定期报告,195649.9106,2015-06-30,2015-08-25,195649.9106,600276.SH,恒瑞医药,医药制造业
600276,恒瑞医药,2015-07-14,2015-07-17,激励股份解禁,195649.9106,2015-07-17,2015-07-14,195649.9106,600276.SH,恒瑞医药,医药制造业
600276,恒瑞医药,2016-04-13,2015-12-31,定期报告,195649.9106,2015-12-31,2016-04-13,195649.9106,600276.SH,恒瑞医药,医药制造业
600276,恒瑞医药,2016-01-16,2016-01-21,激励股份解禁,195649.9106,2016-01-21,2016-01-16,195649.9106,600276.SH,恒瑞医药,医药制造业
600276,恒瑞医药,2016-01-22,2016-01-22,股份回购,195646.9076,2016-01-22,2016-01-22,195646.9076,600276.SH,恒瑞医药,医药制造业
600276,恒瑞医药,2016-06-08,2016-06-16,送股,234776.2891,2016-06-16,2016-06-08,234776.2891,600276.SH,恒瑞医药,医药制造业
600276,恒瑞医药,2016-08-30,2016-06-30,定期报告,234776.2891,2016-06-30,2016-08-30,234776.2891,600276.SH,恒瑞医药,医药制造业
600276,恒瑞医药,2016-07-14,2016-07-19,激励股份解禁,234776.2891,2016-07-19,2016-07-14,234776.2891,600276.SH,恒瑞医药,医药制造业
600276,恒瑞医药,2016-10-27,2016-10-27,股份回购,234752.6598,2016-10-27,2016-10-27,234752.6598,600276.SH,恒瑞医药,医药制造业
600276,恒瑞医药,2016-12-07,2016-12-07,股份回购,234745.9674,2016-12-07,2016-12-07,234745.9674,600276.SH,恒瑞医药,医药制造业
600276,恒瑞医药,2017-03-11,2016-12-31,定期报告,234745.9674,2016-12-31,2017-03-11,234745.9674,600276.SH,恒瑞医药,医药制造业
600276,恒瑞医药,2017-01-10,2017-01-16,激励股份解禁,234745.9674,2017-01-16,2017-01-10,234745.9674,600276.SH,恒瑞医药,医药制造业
600276,恒瑞医药,2017-05-22,2017-05-31,送股,281695.1609,2017-05-31,2017-05-22,281695.1609,600276.SH,恒瑞医药,医药制造业
600276,恒瑞医药,2017-06-29,2017-06-29,股份回购,281688.9833,2017-06-29,2017-06-29,281688.9833,600276.SH,恒瑞医药,医药制造业
600276,恒瑞医药,2017-08-30,2017-06-30,定期报告,281688.9833,2017-06-30,2017-08-30,281688.9833,600276.SH,恒瑞医药,医药制造业
600276,恒瑞医药,2017-07-20,2017-07-25,激励股份解禁,281688.9833,2017-07-25,2017-07-20,281688.9833,600276.SH,恒瑞医药,医药制造业
600276,恒瑞医药,2017-09-22,2017-09-22,股份回购,281688.3038,2017-09-22,2017-09-22,281688.3038,600276.SH,恒瑞医药,医药制造业
600276,恒瑞医药,2018-04-16,2017-12-31,定期报告,281688.3038,2017-12-31,2018-04-16,281688.3038,600276.SH,恒瑞医药,医药制造业
600276,恒瑞医药,2018-01-20,2018-01-18,"增发新股上市,股权激励",283264.8038,2018-01-18,2018-01-20,283264.8038,600276.SH,恒瑞医药,医药制造业
600276,恒瑞医药,2018-01-26,2018-01-31,激励股份解禁,283264.8038,2018-01-31,2018-01-26,283264.8038,600276.SH,恒瑞医药,医药制造业
600276,恒瑞医药,2018-05-24,2018-05-30,"送股,转增",368244.2449,2018-05-30,2018-05-24,368244.2449,600276.SH,恒瑞医药,医药制造业
600276,恒瑞医药,2018-08-10,2018-06-30,定期报告,368244.2449,2018-06-30,2018-08-10,368244.2449,600276.SH,恒瑞医药,医药制造业
600276,恒瑞医药,2018-11-03,2018-11-05,股份回购,368207.7149,2018-11-05,2018-11-03,368207.7149,600276.SH,恒瑞医药,医药制造业
600276,恒瑞医药,2019-02-16,2018-12-31,定期报告,368207.7149,2018-12-31,2019-02-16,368207.7149,600276.SH,恒瑞医药,医药制造业
600276,恒瑞医药,2019-01-17,2019-01-22,激励股份解禁,368207.7149,2019-01-22,2019-01-17,368207.7149,600276.SH,恒瑞医药,医药制造业
600276,恒瑞医药,2019-01-29,2019-01-25,"增发新股上市,股权激励",368586.2057,2019-01-25,2019-01-29,368586.2057,600276.SH,恒瑞医药,医药制造业
600276,恒瑞医药,2019-03-21,2019-03-28,送股,442303.4469,2019-03-28,2019-03-21,442303.4469,600276.SH,恒瑞医药,医药制造业
600276,恒瑞医药,2019-05-30,2019-05-30,股份回购,442281.4197,2019-05-30,2019-05-30,442281.4197,600276.SH,恒瑞医药,医药制造业
600276,恒瑞医药,2019-08-30,2019-06-30,定期报告,442281.4197,2019-06-30,2019-08-30,442281.4197,600276.SH,恒瑞医药,医药制造业
600276,恒瑞医药,2020-03-23,2019-12-31,定期报告,442281.4197,2019-12-31,2020-03-23,442281.4197,600276.SH,恒瑞医药,医药制造业
600276,恒瑞医药,2020-01-17,2020-01-16,其他,442281.4197,2020-01-16,2020-01-17,442281.4197,600276.SH,恒瑞医药,医药制造业
600276,恒瑞医药,2020-01-14,2020-01-20,激励股份解禁,442281.4197,2020-01-20,2020-01-14,442281.4197,600276.SH,恒瑞医药,医药制造业
600276,恒瑞医药,2020-01-18,2020-01-31,激励股份解禁,442281.4197,2020-01-31,2020-01-18,442281.4197,600276.SH,恒瑞医药,医药制造业
600276,恒瑞医药,2020-04-20,2020-04-22,股份回购,442229.1951,2020-04-22,2020-04-20,442229.1951,600276.SH,恒瑞医药,医药制造业
600276,恒瑞医药,2020-05-19,2020-05-25,送股,530675.0341,2020-05-25,2020-05-19,530675.0341,600276.SH,恒瑞医药,医药制造业
600276,恒瑞医药,2020-08-01,2020-06-30,定期报告,530675.0341,2020-06-30,2020-08-01,530675.0341,600276.SH,恒瑞医药,医药制造业
600276,恒瑞医药,2020-10-27,2020-10-23,"股权激励,增发新股上市",533171.7041,2020-10-23,2020-10-27,533171.7041,600276.SH,恒瑞医药,医药制造业
600276,恒瑞医药,2021-04-20,2020-12-31,定期报告,533171.7041,2020-12-31,2021-04-20,533171.7041,600276.SH,恒瑞医药,医药制造业
600276,恒瑞医药,2021-01-16,2021-01-21,激励股份解禁,533171.7041,2021-01-21,2021-01-16,533171.7041,600276.SH,恒瑞医药,医药制造业
600276,恒瑞医药,2021-01-27,2021-02-01,激励股份解禁,533171.7041,2021-02-01,2021-01-27,533171.7041,600276.SH,恒瑞医药,医药制造业
600276,恒瑞医药,2021-05-25,2021-05-27,股份回购,533123.1328,2021-05-27,2021-05-25,533123.1328,600276.SH,恒瑞医药,医药制造业
600276,恒瑞医药,2021-06-04,2021-06-10,送股,639747.7594,2021-06-10,2021-06-04,639747.7594,600276.SH,恒瑞医药,医药制造业
600276,恒瑞医药,2021-08-20,2021-06-30,定期报告,639747.7594,2021-06-30,2021-08-20,639747.7594,600276.SH,恒瑞医药,医药制造业
600276,恒瑞医药,2021-10-20,2021-10-25,激励股份解禁,639747.7594,2021-10-25,2021-10-20,639747.7594,600276.SH,恒瑞医药,医药制造业
600276,恒瑞医药,2021-12-06,2021-12-08,股份回购,639601.1914,2021-12-08,2021-12-06,639601.1914,600276.SH,恒瑞医药,医药制造业
600276,恒瑞医药,2022-04-23,2021-12-31,定期报告,639601.1914,2021-12-31,2022-04-23,639601.1914,600276.SH,恒瑞医药,医药制造业
600276,恒瑞医药,2022-02-15,2022-02-17,股份回购,637900.2274,2022-02-17,2022-02-15,637900.2274,600276.SH,恒瑞医药,医药制造业
600276,恒瑞医药,2022-08-20,2022-06-30,定期报告,637900.2274,2022-06-30,2022-08-20,637900.2274,600276.SH,恒瑞医药,医药制造业
600276,恒瑞医药,2023-04-22,2022-12-31,定期报告,637900.2274,2022-12-31,2023-04-22,637900.2274,600276.SH,恒瑞医药,医药制造业
600276,恒瑞医药,2023-03-13,2023-03-12,其他,637900.2274,2023-03-12,2023-03-13,637900.2274,600276.SH,恒瑞医药,医药制造业
600276,恒瑞医药,2023-08-19,2023-06-30,定期报告,637900.2274,2023-06-30,2023-08-19,637900.2274,600276.SH,恒瑞医药,医药制造业
600276,恒瑞医药,2024-04-18,2023-12-31,定期报告,637900.2274,2023-12-31,2024-04-18,637900.2274,600276.SH,恒瑞医药,医药制造业
600276,恒瑞医药,2024-05-16,2024-05-14,其他,637900.2274,2024-05-14,2024-05-16,637900.2274,600276.SH,恒瑞医药,医药制造业
600276,恒瑞医药,2024-05-16,2024-05-15,其他,637900.2274,2024-05-15,2024-05-16,637900.2274,600276.SH,恒瑞医药,医药制造业
600276,恒瑞医药,2024-05-22,2024-05-21,其他,637900.2274,2024-05-21,2024-05-22,637900.2274,600276.SH,恒瑞医药,医药制造业
600276,恒瑞医药,2024-08-22,2024-06-30,定期报告,637900.2274,2024-06-30,2024-08-22,637900.2274,600276.SH,恒瑞医药,医药制造业
600276,恒瑞医药,2025-03-31,2024-12-31,定期报告,637900.2274,2024-12-31,2025-03-31,637900.2274,600276.SH,恒瑞医药,医药制造业
600276,恒瑞医药,2025-05-16,2025-05-14,其他,637900.2274,2025-05-14,2025-05-16,637900.2274,600276.SH,恒瑞医药,医药制造业
600276,恒瑞医药,2025-05-24,2025-05-23,H股上市,660352.2074,2025-05-23,2025-05-24,660352.2074,600276.SH,恒瑞医药,医药制造业
600276,恒瑞医药,2025-06-20,2025-06-24,超额配售,663719.9874,2025-06-24,2025-06-20,663719.9874,600276.SH,恒瑞医药,医药制造业
600276,恒瑞医药,2025-08-21,2025-06-30,定期报告,663719.9874,2025-06-30,2025-08-21,663719.9874,600276.SH,恒瑞医药,医药制造业
600276,恒瑞医药,2026-03-26,2025-12-31,定期报告,663719.9874,2025-12-31,2026-03-26,663719.9874,600276.SH,恒瑞医药,医药制造业
600276,恒瑞医药,2026-08-20,2026-06-30,定期报告,663719.9874,2026-06-30,2026-08-20,663719.9874,600276.SH,恒瑞医药,医药制造业
600276,恒瑞医药,2026-08-20,2026-08-19,其他,663719.9874,2026-08-19,2026-08-20,663719.9874,600276.SH,恒瑞医药,医药制造业
600309,万华化学,,1999-12-31,定期报告,8000.0,1999-12-31,,8000.0,600309.SH,万华化学,化学原料和化学制品制造业
600309,万华化学,,2000-12-31,定期报告,12000.0,2000-12-31,,12000.0,600309.SH,万华化学,化学原料和化学制品制造业
600309,万华化学,,2001-01-05,A股上市,12000.0,2001-01-05,,12000.0,600309.SH,万华化学,化学原料和化学制品制造业
600309,万华化学,,2001-04-19,"送股,转增",24000.0,2001-04-19,,24000.0,600309.SH,万华化学,化学原料和化学制品制造业
600309,万华化学,,2001-06-30,定期报告,24000.0,2001-06-30,,24000.0,600309.SH,万华化学,化学原料和化学制品制造业
600309,万华化学,,2001-12-31,定期报告,24000.0,2001-12-31,,24000.0,600309.SH,万华化学,化学原料和化学制品制造业
600309,万华化学,,2002-04-15,"送股,转增",38400.0,2002-04-15,,38400.0,600309.SH,万华化学,化学原料和化学制品制造业
600309,万华化学,,2002-06-30,定期报告,38400.0,2002-06-30,,38400.0,600309.SH,万华化学,化学原料和化学制品制造业
600309,万华化学,2003-04-09,2002-12-31,定期报告,38400.0,2002-12-31,2003-04-09,38400.0,600309.SH,万华化学,化学原料和化学制品制造业
600309,万华化学,2003-07-10,2003-06-30,定期报告,38400.0,2003-06-30,2003-07-10,38400.0,600309.SH,万华化学,化学原料和化学制品制造业
600309,万华化学,2004-03-18,2003-12-31,定期报告,38400.0,2003-12-31,2004-03-18,38400.0,600309.SH,万华化学,化学原料和化学制品制造业
600309,万华化学,2004-05-11,2004-05-17,"送股,转增",65280.0,2004-05-17,2004-05-11,65280.0,600309.SH,万华化学,化学原料和化学制品制造业
600309,万华化学,2004-07-28,2004-06-30,定期报告,65280.0,2004-06-30,2004-07-28,65280.0,600309.SH,万华化学,化学原料和化学制品制造业
600309,万华化学,2005-02-03,2004-12-31,定期报告,65280.0,2004-12-31,2005-02-03,65280.0,600309.SH,万华化学,化学原料和化学制品制造业
600309,万华化学,2005-03-28,2005-04-01,"送股,转增",84864.0,2005-04-01,2005-03-28,84864.0,600309.SH,万华化学,化学原料和化学制品制造业
600309,万华化学,2005-07-28,2005-06-30,定期报告,84864.0,2005-06-30,2005-07-28,84864.0,600309.SH,万华化学,化学原料和化学制品制造业
600309,万华化学,2006-04-14,2005-12-31,定期报告,84864.0,2005-12-31,2006-04-14,84864.0,600309.SH,万华化学,化学原料和化学制品制造业
600309,万华化学,2006-04-19,2006-04-24,股权分置,84864.0,2006-04-24,2006-04-19,84864.0,600309.SH,万华化学,化学原料和化学制品制造业
600309,万华化学,2006-05-30,2006-06-05,"送股,转增",118809.6,2006-06-05,2006-05-30,118809.6,600309.SH,万华化学,化学原料和化学制品制造业
600309,万华化学,2006-07-12,2006-06-30,定期报告,118809.6,2006-06-30,2006-07-12,118809.6,600309.SH,万华化学,化学原料和化学制品制造业
600309,万华化学,2007-04-04,2006-12-31,定期报告,118809.6,2006-12-31,2007-04-04,118809.6,600309.SH,万华化学,化学原料和化学制品制造业
600309,万华化学,2007-04-30,2007-04-26,权证行权,118809.6,2007-04-26,2007-04-30,118809.6,600309.SH,万华化学,化学原料和化学制品制造业
600309,万华化学,2007-04-25,2007-04-30,股权分置受限股份上市,118809.6,2007-04-30,2007-04-25,118809.6,600309.SH,万华化学,化学原料和化学制品制造业
600309,万华化学,2007-07-25,2007-06-30,定期报告,118810.5,2007-06-30,2007-07-25,118810.5,600309.SH,万华化学,化学原料和化学制品制造业
600309,万华化学,2007-07-05,2007-07-11,送股,166333.44,2007-07-11,2007-07-05,166333.44,600309.SH,万华化学,化学原料和化学制品制造业
600309,万华化学,2008-03-07,2007-12-31,定期报告,166333.44,2007-12-31,2008-03-07,166333.44,600309.SH,万华化学,化学原料和化学制品制造业
600309,万华化学,2008-07-22,2008-06-30,定期报告,166333.44,2008-06-30,2008-07-22,166333.44,600309.SH,万华化学,化学原料和化学制品制造业
600309,万华化学,2009-03-05,2008-12-31,定期报告,166333.44,2008-12-31,2009-03-05,166333.44,600309.SH,万华化学,化学原料和化学制品制造业
600309,万华化学,2009-04-21,2009-04-24,股权分置受限股份上市,166333.44,2009-04-24,2009-04-21,166333.44,600309.SH,万华化学,化学原料和化学制品制造业
600309,万华化学,2009-07-28,2009-06-30,定期报告,166333.44,2009-06-30,2009-07-28,166333.44,600309.SH,万华化学,化学原料和化学制品制造业
600309,万华化学,2010-04-07,2009-12-31,定期报告,166333.44,2009-12-31,2010-04-07,166333.44,600309.SH,万华化学,化学原料和化学制品制造业
600309,万华化学,2010-08-18,2010-06-30,定期报告,166333.44,2010-06-30,2010-08-18,166333.44,600309.SH,万华化学,化学原料和化学制品制造业
600309,万华化学,2011-03-22,2010-12-31,定期报告,166333.44,2010-12-31,2011-03-22,166333.44,600309.SH,万华化学,化学原料和化学制品制造业
600309,万华化学,2011-05-06,2011-05-12,送股,216233.472,2011-05-12,2011-05-06,216233.472,600309.SH,万华化学,化学原料和化学制品制造业
600309,万华化学,2011-08-16,2011-06-30,定期报告,216233.472,2011-06-30,2011-08-16,216233.472,600309.SH,万华化学,化学原料和化学制品制造业
600309,万华化学,2012-03-07,2011-12-31,定期报告,216233.472,2011-12-31,2012-03-07,216233.472,600309.SH,万华化学,化学原料和化学制品制造业
600309,万华化学,2012-08-21,2012-06-30,定期报告,216233.472,2012-06-30,2012-08-21,216233.472,600309.SH,万华化学,化学原料和化学制品制造业
600309,万华化学,2013-03-26,2012-12-31,定期报告,216233.472,2012-12-31,2013-03-26,216233.472,600309.SH,万华化学,化学原料和化学制品制造业
600309,万华化学,2013-07-30,2013-06-30,定期报告,216233.472,2013-06-30,2013-07-30,216233.472,600309.SH,万华化学,化学原料和化学制品制造业
600309,万华化学,2014-04-15,2013-12-31,定期报告,216233.472,2013-12-31,2014-04-15,216233.472,600309.SH,万华化学,化学原料和化学制品制造业
600309,万华化学,2014-08-26,2014-06-30,定期报告,216233.472,2014-06-30,2014-08-26,216233.472,600309.SH,万华化学,化学原料和化学制品制造业
600309,万华化学,2015-03-17,2014-12-31,定期报告,216233.472,2014-12-31,2015-03-17,216233.472,600309.SH,万华化学,化学原料和化学制品制造业
600309,万华化学,2015-07-24,2015-06-30,定期报告,216233.472,2015-06-30,2015-07-24,216233.472,600309.SH,万华化学,化学原料和化学制品制造业
600309,万华化学,2016-03-08,2015-12-31,定期报告,216233.472,2015-12-31,2016-03-08,216233.472,600309.SH,万华化学,化学原料和化学制品制造业
600309,万华化学,2016-08-02,2016-06-30,定期报告,216233.472,2016-06-30,2016-08-02,216233.472,600309.SH,万华化学,化学原料和化学制品制造业
600309,万华化学,2017-04-11,2016-12-31,定期报告,216233.472,2016-12-31,2017-04-11,216233.472,600309.SH,万华化学,化学原料和化学制品制造业
600309,万华化学,2017-01-18,2017-01-16,增发新股上市,227834.4,2017-01-16,2017-01-18,227834.4,600309.SH,万华化学,化学原料和化学制品制造业
600309,万华化学,2017-05-12,2017-05-18,送股,273401.28,2017-05-18,2017-05-12,273401.28,600309.SH,万华化学,化学原料和化学制品制造业
600309,万华化学,2017-08-01,2017-06-30,定期报告,273401.28,2017-06-30,2017-08-01,273401.28,600309.SH,万华化学,化学原料和化学制品制造业
600309,万华化学,2018-03-13,2017-12-31,定期报告,273401.28,2017-12-31,2018-03-13,273401.28,600309.SH,万华化学,化学原料和化学制品制造业
600309,万华化学,2018-01-11,2018-01-16,限售股份上市,273401.28,2018-01-16,2018-01-11,273401.28,600309.SH,万华化学,化学原料和化学制品制造业
600309,万华化学,2018-07-31,2018-06-30,定期报告,273401.28,2018-06-30,2018-07-31,273401.28,600309.SH,万华化学,化学原料和化学制品制造业
600309,万华化学,2019-04-23,2018-12-31,定期报告,273401.28,2018-12-31,2019-04-23,273401.28,600309.SH,万华化学,化学原料和化学制品制造业
600309,万华化学,2019-02-14,2019-02-12,"股份回购,增发新股上市",313974.6626,2019-02-12,2019-02-14,313974.6626,600309.SH,万华化学,化学原料和化学制品制造业
600309,万华化学,2019-08-21,2019-06-30,定期报告,313974.6626,2019-06-30,2019-08-21,313974.6626,600309.SH,万华化学,化学原料和化学制品制造业
600309,万华化学,2020-03-31,2019-12-31,定期报告,313974.6626,2019-12-31,2020-03-31,313974.6626,600309.SH,万华化学,化学原料和化学制品制造业
600309,万华化学,2020-08-20,2020-06-30,定期报告,313974.6626,2020-06-30,2020-08-20,313974.6626,600309.SH,万华化学,化学原料和化学制品制造业
600309,万华化学,2021-03-16,2020-12-31,定期报告,313974.6626,2020-12-31,2021-03-16,313974.6626,600309.SH,万华化学,化学原料和化学制品制造业
600309,万华化学,2021-07-30,2021-06-30,定期报告,313974.6626,2021-06-30,2021-07-30,313974.6626,600309.SH,万华化学,化学原料和化学制品制造业
600309,万华化学,2022-03-15,2021-12-31,定期报告,313974.6626,2021-12-31,2022-03-15,313974.6626,600309.SH,万华化学,化学原料和化学制品制造业
600309,万华化学,2022-03-17,2022-03-23,限售股份上市,313974.6626,2022-03-23,2022-03-17,313974.6626,600309.SH,万华化学,化学原料和化学制品制造业
600309,万华化学,2022-07-29,2022-06-30,定期报告,313974.6626,2022-06-30,2022-07-29,313974.6626,600309.SH,万华化学,化学原料和化学制品制造业
600309,万华化学,2023-03-21,2022-12-31,定期报告,313974.6626,2022-12-31,2023-03-21,313974.6626,600309.SH,万华化学,化学原料和化学制品制造业
600309,万华化学,2023-07-28,2023-06-30,定期报告,313974.6626,2023-06-30,2023-07-28,313974.6626,600309.SH,万华化学,化学原料和化学制品制造业
600309,万华化学,2024-03-19,2023-12-31,定期报告,313974.6626,2023-12-31,2024-03-19,313974.6626,600309.SH,万华化学,化学原料和化学制品制造业
600309,万华化学,2024-08-13,2024-06-30,定期报告,313974.6626,2024-06-30,2024-08-13,313974.6626,600309.SH,万华化学,化学原料和化学制品制造业
600309,万华化学,2025-04-15,2024-12-31,定期报告,313974.6626,2024-12-31,2025-04-15,313974.6626,600309.SH,万华化学,化学原料和化学制品制造业
600309,万华化学,2025-08-12,2025-06-30,定期报告,313974.6626,2025-06-30,2025-08-12,313974.6626,600309.SH,万华化学,化学原料和化学制品制造业
600309,万华化学,2025-07-14,2025-07-14,股份回购,313047.1626,2025-07-14,2025-07-14,313047.1626,600309.SH,万华化学,化学原料和化学制品制造业
600309,万华化学,2026-04-21,2025-12-31,定期报告,313047.1626,2025-12-31,2026-04-21,313047.1626,600309.SH,万华化学,化学原料和化学制品制造业
600309,万华化学,2026-08-25,2026-06-30,定期报告,313047.1626,2026-06-30,2026-08-25,313047.1626,600309.SH,万华化学,化学原料和化学制品制造业
600519,贵州茅台,2001-07-26,2000-12-31,其他,18500.0,2000-12-31,2001-07-26,18500.0,600519.SH,贵州茅台,酒、饮料和精制茶制造业
600519,贵州茅台,,2001-06-30,定期报告,17850.0,2001-06-30,,17850.0,600519.SH,贵州茅台,酒、饮料和精制茶制造业
600519,贵州茅台,,2001-08-27,A股上市,25000.0,2001-08-27,,25000.0,600519.SH,贵州茅台,酒、饮料和精制茶制造业
600519,贵州茅台,,2001-12-31,定期报告,25000.0,2001-12-31,,25000.0,600519.SH,贵州茅台,酒、饮料和精制茶制造业
600519,贵州茅台,,2002-06-30,定期报告,25000.0,2002-06-30,,25000.0,600519.SH,贵州茅台,酒、饮料和精制茶制造业
600519,贵州茅台,,2002-07-25,"送股,转增",27500.0,2002-07-25,,27500.0,600519.SH,贵州茅台,酒、饮料和精制茶制造业
600519,贵州茅台,2003-03-26,2002-12-31,定期报告,27500.0,2002-12-31,2003-03-26,27500.0,600519.SH,贵州茅台,酒、饮料和精制茶制造业
600519,贵州茅台,2003-07-30,2003-06-30,定期报告,27500.0,2003-06-30,2003-07-30,27500.0,600519.SH,贵州茅台,酒、饮料和精制茶制造业
600519,贵州茅台,2003-07-08,2003-07-14,"送股,转增",30250.0,2003-07-14,2003-07-08,30250.0,600519.SH,贵州茅台,酒、饮料和精制茶制造业
600519,贵州茅台,2004-03-26,2003-12-31,定期报告,30250.0,2003-12-31,2004-03-26,30250.0,600519.SH,贵州茅台,酒、饮料和精制茶制造业
600519,贵州茅台,2004-07-28,2004-06-30,定期报告,39325.0,2004-06-30,2004-07-28,39325.0,600519.SH,贵州茅台,酒、饮料和精制茶制造业
600519,贵州茅台,2004-06-25,2004-07-01,"送股,转增",39325.0,2004-07-01,2004-06-25,39325.0,600519.SH,贵州茅台,酒、饮料和精制茶制造业
600519,贵州茅台,2005-04-23,2004-12-31,定期报告,39325.0,2004-12-31,2005-04-23,39325.0,600519.SH,贵州茅台,酒、饮料和精制茶制造业
600519,贵州茅台,2005-08-17,2005-06-30,定期报告,39325.0,2005-06-30,2005-08-17,39325.0,600519.SH,贵州茅台,酒、饮料和精制茶制造业
600519,贵州茅台,2005-07-30,2005-08-05,"送股,转增",47190.0,2005-08-05,2005-07-30,47190.0,600519.SH,贵州茅台,酒、饮料和精制茶制造业
600519,贵州茅台,2006-04-05,2005-12-31,定期报告,47190.0,2005-12-31,2006-04-05,47190.0,600519.SH,贵州茅台,酒、饮料和精制茶制造业
600519,贵州茅台,2006-05-17,2006-05-19,"送股,转增",94380.0,2006-05-19,2006-05-17,94380.0,600519.SH,贵州茅台,酒、饮料和精制茶制造业
600519,贵州茅台,2006-05-22,2006-05-25,股权分置,94380.0,2006-05-25,2006-05-22,94380.0,600519.SH,贵州茅台,酒、饮料和精制茶制造业
600519,贵州茅台,2006-08-23,2006-06-30,定期报告,94380.0,2006-06-30,2006-08-23,94380.0,600519.SH,贵州茅台,酒、饮料和精制茶制造业
600519,贵州茅台,2007-04-03,2006-12-31,定期报告,94380.0,2006-12-31,2007-04-03,94380.0,600519.SH,贵州茅台,酒、饮料和精制茶制造业
600519,贵州茅台,2007-05-18,2007-05-25,股权分置受限股份上市,94380.0,2007-05-25,2007-05-18,94380.0,600519.SH,贵州茅台,酒、饮料和精制茶制造业
600519,贵州茅台,2007-08-17,2007-06-30,定期报告,94380.0,2007-06-30,2007-08-17,94380.0,600519.SH,贵州茅台,酒、饮料和精制茶制造业
600519,贵州茅台,2008-03-13,2007-12-31,定期报告,94380.0,2007-12-31,2008-03-13,94380.0,600519.SH,贵州茅台,酒、饮料和精制茶制造业
600519,贵州茅台,2008-05-20,2008-05-26,股权分置受限股份上市,94380.0,2008-05-26,2008-05-20,94380.0,600519.SH,贵州茅台,酒、饮料和精制茶制造业
600519,贵州茅台,2008-08-28,2008-06-30,定期报告,94380.0,2008-06-30,2008-08-28,94380.0,600519.SH,贵州茅台,酒、饮料和精制茶制造业
600519,贵州茅台,2009-03-25,2008-12-31,定期报告,94380.0,2008-12-31,2009-03-25,94380.0,600519.SH,贵州茅台,酒、饮料和精制茶制造业
600519,贵州茅台,2009-05-19,2009-05-25,股权分置受限股份上市,94380.0,2009-05-25,2009-05-19,94380.0,600519.SH,贵州茅台,酒、饮料和精制茶制造业
600519,贵州茅台,2009-08-07,2009-06-30,定期报告,94380.0,2009-06-30,2009-08-07,94380.0,600519.SH,贵州茅台,酒、饮料和精制茶制造业
600519,贵州茅台,2010-04-02,2009-12-31,定期报告,94380.0,2009-12-31,2010-04-02,94380.0,600519.SH,贵州茅台,酒、饮料和精制茶制造业
600519,贵州茅台,2010-08-12,2010-06-30,定期报告,94380.0,2010-06-30,2010-08-12,94380.0,600519.SH,贵州茅台,酒、饮料和精制茶制造业
600519,贵州茅台,2011-03-21,2010-12-31,定期报告,94380.0,2010-12-31,2011-03-21,94380.0,600519.SH,贵州茅台,酒、饮料和精制茶制造业
600519,贵州茅台,2011-08-31,2011-06-30,定期报告,94380.0,2011-06-30,2011-08-31,94380.0,600519.SH,贵州茅台,酒、饮料和精制茶制造业
600519,贵州茅台,2011-06-27,2011-07-01,送股,103818.0,2011-07-01,2011-06-27,103818.0,600519.SH,贵州茅台,酒、饮料和精制茶制造业
600519,贵州茅台,2012-04-11,2011-12-31,定期报告,103818.0,2011-12-31,2012-04-11,103818.0,600519.SH,贵州茅台,酒、饮料和精制茶制造业
600519,贵州茅台,2012-08-10,2012-06-30,定期报告,103818.0,2012-06-30,2012-08-10,103818.0,600519.SH,贵州茅台,酒、饮料和精制茶制造业
600519,贵州茅台,2013-03-29,2012-12-31,定期报告,103818.0,2012-12-31,2013-03-29,103818.0,600519.SH,贵州茅台,酒、饮料和精制茶制造业
600519,贵州茅台,2013-08-31,2013-06-30,定期报告,103818.0,2013-06-30,2013-08-31,103818.0,600519.SH,贵州茅台,酒、饮料和精制茶制造业
600519,贵州茅台,2014-03-25,2013-12-31,定期报告,103818.0,2013-12-31,2014-03-25,103818.0,600519.SH,贵州茅台,酒、饮料和精制茶制造业
600519,贵州茅台,2014-06-18,2014-06-25,送股,114199.8,2014-06-25,2014-06-18,114199.8,600519.SH,贵州茅台,酒、饮料和精制茶制造业
600519,贵州茅台,2014-08-29,2014-06-30,定期报告,114199.8,2014-06-30,2014-08-29,114199.8,600519.SH,贵州茅台,酒、饮料和精制茶制造业
600519,贵州茅台,2015-04-21,2014-12-31,定期报告,114199.8,2014-12-31,2015-04-21,114199.8,600519.SH,贵州茅台,酒、饮料和精制茶制造业
600519,贵州茅台,2015-08-28,2015-06-30,定期报告,114199.8,2015-06-30,2015-08-28,114199.8,600519.SH,贵州茅台,酒、饮料和精制茶制造业
600519,贵州茅台,2015-07-10,2015-07-17,送股,125619.78,2015-07-17,2015-07-10,125619.78,600519.SH,贵州茅台,酒、饮料和精制茶制造业
600519,贵州茅台,2016-03-24,2015-12-31,定期报告,125619.78,2015-12-31,2016-03-24,125619.78,600519.SH,贵州茅台,酒、饮料和精制茶制造业
600519,贵州茅台,2016-08-27,2016-06-30,定期报告,125619.78,2016-06-30,2016-08-27,125619.78,600519.SH,贵州茅台,酒、饮料和精制茶制造业
600519,贵州茅台,2017-04-15,2016-12-31,定期报告,125619.78,2016-12-31,2017-04-15,125619.78,600519.SH,贵州茅台,酒、饮料和精制茶制造业
600519,贵州茅台,2017-07-28,2017-06-30,定期报告,125619.78,2017-06-30,2017-07-28,125619.78,600519.SH,贵州茅台,酒、饮料和精制茶制造业
600519,贵州茅台,2018-03-28,2017-12-31,定期报告,125619.78,2017-12-31,2018-03-28,125619.78,600519.SH,贵州茅台,酒、饮料和精制茶制造业
600519,贵州茅台,2018-08-02,2018-06-30,定期报告,125619.78,2018-06-30,2018-08-02,125619.78,600519.SH,贵州茅台,酒、饮料和精制茶制造业
600519,贵州茅台,2019-03-29,2018-12-31,定期报告,125619.78,2018-12-31,2019-03-29,125619.78,600519.SH,贵州茅台,酒、饮料和精制茶制造业
600519,贵州茅台,2019-07-18,2019-06-30,定期报告,125619.78,2019-06-30,2019-07-18,125619.78,600519.SH,贵州茅台,酒、饮料和精制茶制造业
600519,贵州茅台,2020-04-22,2019-12-31,定期报告,125619.78,2019-12-31,2020-04-22,125619.78,600519.SH,贵州茅台,酒、饮料和精制茶制造业
600519,贵州茅台,2020-07-29,2020-06-30,定期报告,125619.78,2020-06-30,2020-07-29,125619.78,600519.SH,贵州茅台,酒、饮料和精制茶制造业
600519,贵州茅台,2021-03-31,2020-12-31,定期报告,125619.78,2020-12-31,2021-03-31,125619.78,600519.SH,贵州茅台,酒、饮料和精制茶制造业
600519,贵州茅台,2021-07-31,2021-06-30,定期报告,125619.78,2021-06-30,2021-07-31,125619.78,600519.SH,贵州茅台,酒、饮料和精制茶制造业
600519,贵州茅台,2022-03-31,2021-12-31,定期报告,125619.78,2021-12-31,2022-03-31,125619.78,600519.SH,贵州茅台,酒、饮料和精制茶制造业
600519,贵州茅台,2022-08-03,2022-06-30,定期报告,125619.78,2022-06-30,2022-08-03,125619.78,600519.SH,贵州茅台,酒、饮料和精制茶制造业
600519,贵州茅台,2023-03-31,2022-12-31,定期报告,125619.78,2022-12-31,2023-03-31,125619.78,600519.SH,贵州茅台,酒、饮料和精制茶制造业
600519,贵州茅台,2023-08-03,2023-06-30,定期报告,125619.78,2023-06-30,2023-08-03,125619.78,600519.SH,贵州茅台,酒、饮料和精制茶制造业
600519,贵州茅台,2024-04-03,2023-12-31,定期报告,125619.78,2023-12-31,2024-04-03,125619.78,600519.SH,贵州茅台,酒、饮料和精制茶制造业
600519,贵州茅台,2024-08-09,2024-06-30,定期报告,125619.78,2024-06-30,2024-08-09,125619.78,600519.SH,贵州茅台,酒、饮料和精制茶制造业
600519,贵州茅台,2024-09-21,2024-09-21,其他,125619.78,2024-09-21,2024-09-21,125619.78,600519.SH,贵州茅台,酒、饮料和精制茶制造业
600519,贵州茅台,2025-04-03,2024-12-31,定期报告,125619.78,2024-12-31,2025-04-03,125619.78,600519.SH,贵州茅台,酒、饮料和精制茶制造业
600519,贵州茅台,2025-08-13,2025-06-30,定期报告,125619.78,2025-06-30,2025-08-13,125619.78,600519.SH,贵州茅台,酒、饮料和精制茶制造业
600519,贵州茅台,2025-08-30,2025-09-01,股份回购,125227.0215,2025-09-01,2025-08-30,125227.0215,600519.SH,贵州茅台,酒、饮料和精制茶制造业
600519,贵州茅台,2026-04-17,2025-12-31,定期报告,125227.0215,2025-12-31,2026-04-17,125227.0215,600519.SH,贵州茅台,酒、饮料和精制茶制造业
600519,贵州茅台,2026-05-28,2026-05-28,股份回购,125008.1601,2026-05-28,2026-05-28,125008.1601,600519.SH,贵州茅台,酒、饮料和精制茶制造业
600519,贵州茅台,2026-08-15,2026-06-30,定期报告,125008.1601,2026-06-30,2026-08-15,125008.1601,600519.SH,贵州茅台,酒、饮料和精制茶制造业
601012,隆基股份,2012-04-10,2012-04-11,A股上市,29918.0,2012-04-11,2012-04-10,29918.0,601012.SH,隆基绿能,电气机械和器材制造业
601012,隆基股份,2012-06-19,2012-06-26,转增,53852.4,2012-06-26,2012-06-19,53852.4,601012.SH,隆基绿能,电气机械和器材制造业
601012,隆基股份,2012-08-30,2012-06-30,定期报告,53852.4,2012-06-30,2012-08-30,53852.4,601012.SH,隆基绿能,电气机械和器材制造业
601012,隆基股份,2012-07-06,2012-07-11,配售股份上市,53852.4,2012-07-11,2012-07-06,53852.4,601012.SH,隆基绿能,电气机械和器材制造业
601012,隆基股份,2013-04-27,2012-12-31,定期报告,53852.4,2012-12-31,2013-04-27,53852.4,601012.SH,隆基绿能,电气机械和器材制造业
601012,隆基股份,2013-04-08,2013-04-11,限售股份上市,53852.4,2013-04-11,2013-04-08,53852.4,601012.SH,隆基绿能,电气机械和器材制造业
601012,隆基股份,2013-08-08,2013-06-30,定期报告,53852.4,2013-06-30,2013-08-08,53852.4,601012.SH,隆基绿能,电气机械和器材制造业
601012,隆基股份,2013-09-12,2013-09-17,限售股份上市,53852.4,2013-09-17,2013-09-12,53852.4,601012.SH,隆基绿能,电气机械和器材制造业
601012,隆基股份,2013-10-09,2013-10-14,限售股份上市,53852.4,2013-10-14,2013-10-09,53852.4,601012.SH,隆基绿能,电气机械和器材制造业
601012,隆基股份,2014-04-30,2013-12-31,定期报告,53852.4,2013-12-31,2014-04-30,53852.4,601012.SH,隆基绿能,电气机械和器材制造业
601012,隆基股份,2014-08-30,2014-06-30,定期报告,53852.4,2014-06-30,2014-08-30,53852.4,601012.SH,隆基绿能,电气机械和器材制造业
601012,隆基股份,2015-02-17,2014-12-31,"增发新股上市,定期报告,股权激励",54779.63,2014-12-31,2015-02-17,54779.63,601012.SH,隆基绿能,电气机械和器材制造业
601012,隆基股份,2015-01-16,2015-01-14,"增发新股上市,股权激励",54779.63,2015-01-14,2015-01-16,54779.63,601012.SH,隆基绿能,电气机械和器材制造业
601012,隆基股份,2015-04-08,2015-04-13,限售股份上市,54779.63,2015-04-13,2015-04-08,54779.63,601012.SH,隆基绿能,电气机械和器材制造业
601012,隆基股份,2015-04-28,2015-05-05,"送股,转增",164338.89,2015-05-05,2015-04-28,164338.89,601012.SH,隆基绿能,电气机械和器材制造业
601012,隆基股份,2015-06-26,2015-06-23,增发新股上市,177149.3475,2015-06-23,2015-06-26,177149.3475,601012.SH,隆基绿能,电气机械和器材制造业
601012,隆基股份,2015-08-28,2015-06-30,定期报告,177149.3475,2015-06-30,2015-08-28,177149.3475,601012.SH,隆基绿能,电气机械和器材制造业
601012,隆基股份,2015-12-17,2015-12-17,股份回购,177137.9475,2015-12-17,2015-12-17,177137.9475,601012.SH,隆基绿能,电气机械和器材制造业
601012,隆基股份,2015-12-22,2015-12-25,激励股份解禁,177137.9475,2015-12-25,2015-12-22,177137.9475,601012.SH,隆基绿能,电气机械和器材制造业
601012,隆基股份,2016-03-25,2015-12-31,定期报告,177137.9475,2015-12-31,2016-03-25,177137.9475,601012.SH,隆基绿能,电气机械和器材制造业
601012,隆基股份,2016-03-31,2016-03-28,"增发新股上市,股权激励",177433.9475,2016-03-28,2016-03-31,177433.9475,601012.SH,隆基绿能,电气机械和器材制造业
601012,隆基股份,2016-06-18,2016-06-23,限售股份上市,177433.9475,2016-06-23,2016-06-18,177433.9475,601012.SH,隆基绿能,电气机械和器材制造业
601012,隆基股份,2016-08-18,2016-06-30,定期报告,177433.9475,2016-06-30,2016-08-18,177433.9475,601012.SH,隆基绿能,电气机械和器材制造业
601012,隆基股份,2016-09-10,2016-09-08,增发新股上市,198419.8629,2016-09-08,2016-09-10,198419.8629,601012.SH,隆基绿能,电气机械和器材制造业
601012,隆基股份,2016-12-16,2016-12-14,"增发新股上市,股权激励",199677.6029,2016-12-14,2016-12-16,199677.6029,601012.SH,隆基绿能,电气机械和器材制造业
601012,隆基股份,2016-12-29,2016-12-29,股份回购,199663.6029,2016-12-29,2016-12-29,199663.6029,601012.SH,隆基绿能,电气机械和器材制造业
601012,隆基股份,2017-03-11,2016-12-31,定期报告,199663.6029,2016-12-31,2017-03-11,199663.6029,601012.SH,隆基绿能,电气机械和器材制造业
601012,隆基股份,2017-01-05,2017-01-10,激励股份解禁,199663.6029,2017-01-10,2017-01-05,199663.6029,601012.SH,隆基绿能,电气机械和器材制造业
601012,隆基股份,2017-01-18,2017-01-18,股份回购,199589.0829,2017-01-18,2017-01-18,199589.0829,601012.SH,隆基绿能,电气机械和器材制造业
601012,隆基股份,2017-01-24,2017-02-03,激励股份解禁,199589.0829,2017-02-03,2017-01-24,199589.0829,601012.SH,隆基绿能,电气机械和器材制造业
601012,隆基股份,2017-08-30,2017-06-30,定期报告,199589.0829,2017-06-30,2017-08-30,199589.0829,601012.SH,隆基绿能,电气机械和器材制造业
601012,隆基股份,2017-09-02,2017-09-08,限售股份上市,199589.0829,2017-09-08,2017-09-02,199589.0829,601012.SH,隆基绿能,电气机械和器材制造业
601012,隆基股份,2017-12-23,2017-12-25,股份回购,199398.9649,2017-12-25,2017-12-23,199398.9649,601012.SH,隆基绿能,电气机械和器材制造业
601012,隆基股份,2018-03-29,2017-12-31,定期报告,199398.9649,2017-12-31,2018-03-29,199398.9649,601012.SH,隆基绿能,电气机械和器材制造业
601012,隆基股份,2018-01-03,2018-01-08,激励股份解禁,199398.9649,2018-01-08,2018-01-03,199398.9649,601012.SH,隆基绿能,电气机械和器材制造业
601012,隆基股份,2018-05-22,2018-05-29,"可转债转股,转增",279167.5089,2018-05-29,2018-05-22,279167.5089,601012.SH,隆基绿能,电气机械和器材制造业
601012,隆基股份,2018-08-31,2018-06-30,"可转债转股,定期报告",279167.9915,2018-06-30,2018-08-31,279167.9915,601012.SH,隆基绿能,电气机械和器材制造业
601012,隆基股份,2018-10-09,2018-09-30,可转债转股,279168.0001,2018-09-30,2018-10-09,279168.0001,601012.SH,隆基绿能,电气机械和器材制造业
601012,隆基股份,2018-11-17,2018-11-19,股份回购,279078.2839,2018-11-19,2018-11-17,279078.2839,601012.SH,隆基绿能,电气机械和器材制造业
601012,隆基股份,2018-11-28,2018-12-03,激励股份解禁,279078.2839,2018-12-03,2018-11-28,279078.2839,601012.SH,隆基绿能,电气机械和器材制造业
601012,隆基股份,2018-12-18,2018-12-21,激励股份解禁,279078.2839,2018-12-21,2018-12-18,279078.2839,601012.SH,隆基绿能,电气机械和器材制造业
601012,隆基股份,2019-04-30,2018-12-31,"可转债转股,定期报告",279078.8363,2018-12-31,2019-04-30,279078.8363,601012.SH,隆基绿能,电气机械和器材制造业
601012,隆基股份,2019-04-02,2019-03-31,可转债转股,279079.5228,2019-03-31,2019-04-02,279079.5228,601012.SH,隆基绿能,电气机械和器材制造业
601012,隆基股份,2019-04-24,2019-04-29,"可转债转股,配股上市",362422.3899,2019-04-29,2019-04-24,362422.3899,601012.SH,隆基绿能,电气机械和器材制造业
601012,隆基股份,2019-05-31,2019-06-06,可转债转股,362441.174,2019-06-06,2019-05-31,362441.174,601012.SH,隆基绿能,电气机械和器材制造业
601012,隆基股份,2019-08-29,2019-06-30,"可转债转股,定期报告",362441.2166,2019-06-30,2019-08-29,362441.2166,601012.SH,隆基绿能,电气机械和器材制造业
601012,隆基股份,2019-07-17,2019-07-19,股份回购,362383.5912,2019-07-19,2019-07-17,362383.5912,601012.SH,隆基绿能,电气机械和器材制造业
601012,隆基股份,2019-09-05,2019-09-03,可转债转股,377251.466,2019-09-03,2019-09-05,377251.466,601012.SH,隆基绿能,电气机械和器材制造业
601012,隆基股份,2019-11-13,2019-11-15,股份回购,377201.6757,2019-11-15,2019-11-13,377201.6757,601012.SH,隆基绿能,电气机械和器材制造业
601012,隆基股份,2019-11-23,2019-11-29,激励股份解禁,377201.6757,2019-11-29,2019-11-23,377201.6757,601012.SH,隆基绿能,电气机械和器材制造业
601012,隆基股份,2020-04-23,2019-12-31,定期报告,377201.6757,2019-12-31,2020-04-23,377201.6757,601012.SH,隆基绿能,电气机械和器材制造业
601012,隆基股份,2020-04-23,2020-04-23,其他,377201.6757,2020-04-23,2020-04-23,377201.6757,601012.SH,隆基绿能,电气机械和器材制造业
601012,隆基股份,2020-08-28,2020-06-30,定期报告,377201.6757,2020-06-30,2020-08-28,377201.6757,601012.SH,隆基绿能,电气机械和器材制造业
601012,隆基股份,2020-09-16,2020-09-18,股份回购,377182.7351,2020-09-18,2020-09-16,377182.7351,601012.SH,隆基绿能,电气机械和器材制造业
601012,隆基股份,2020-11-13,2020-11-17,股份回购,377176.8901,2020-11-17,2020-11-13,377176.8901,601012.SH,隆基绿能,电气机械和器材制造业
601012,隆基股份,2020-11-24,2020-11-27,激励股份解禁,377176.8901,2020-11-27,2020-11-24,377176.8901,601012.SH,隆基绿能,电气机械和器材制造业
601012,隆基股份,2021-04-21,2020-12-31,定期报告,377176.8901,2020-12-31,2021-04-21,377176.8901,601012.SH,隆基绿能,电气机械和器材制造业
601012,隆基股份,2021-04-01,2021-03-30,可转债转股,386639.4792,2021-03-30,2021-04-01,386639.4792,601012.SH,隆基绿能,电气机械和器材制造业
601012,隆基股份,2021-06-17,2021-06-23,转增,541295.2708,2021-06-23,2021-06-17,541295.2708,601012.SH,隆基绿能,电气机械和器材制造业
601012,隆基股份,2021-08-31,2021-06-30,定期报告,541295.2708,2021-06-30,2021-08-31,541295.2708,601012.SH,隆基绿能,电气机械和器材制造业
601012,隆基绿能,2022-04-28,2021-12-31,定期报告,541295.2708,2021-12-31,2022-04-28,541295.2708,601012.SH,隆基绿能,电气机械和器材制造业
601012,隆基绿能,2022-05-30,2022-06-06,转增,757813.3791,2022-06-06,2022-05-30,757813.3791,601012.SH,隆基绿能,电气机械和器材制造业
601012,隆基绿能,2022-08-25,2022-06-30,定期报告,757813.3791,2022-06-30,2022-08-25,757813.3791,601012.SH,隆基绿能,电气机械和器材制造业
601012,隆基绿能,2022-07-08,2022-07-06,"增发新股上市,股权激励",758160.5791,2022-07-06,2022-07-08,758160.5791,601012.SH,隆基绿能,电气机械和器材制造业
601012,隆基绿能,2022-10-10,2022-09-30,可转债转股,758166.27,2022-09-30,2022-10-10,758166.27,601012.SH,隆基绿能,电气机械和器材制造业
601012,隆基绿能,2022-10-29,2022-10-27,可转债转股,758166.3584,2022-10-27,2022-10-29,758166.3584,601012.SH,隆基绿能,电气机械和器材制造业
601012,隆基绿能,2023-04-28,2022-12-31,"定期报告,可转债转股",758166.5024,2022-12-31,2023-04-28,758166.5024,601012.SH,隆基绿能,电气机械和器材制造业
601012,隆基绿能,2023-02-21,2023-02-23,"股份回购,可转债转股",758150.969,2023-02-23,2023-02-21,758150.969,601012.SH,隆基绿能,电气机械和器材制造业
601012,隆基绿能,2023-04-04,2023-03-31,可转债转股,758151.0506,2023-03-31,2023-04-04,758151.0506,601012.SH,隆基绿能,电气机械和器材制造业
601012,隆基绿能,2023-04-28,2023-04-25,可转债转股,758151.0971,2023-04-25,2023-04-28,758151.0971,601012.SH,隆基绿能,电气机械和器材制造业
601012,隆基绿能,2023-06-13,2023-06-13,可转债转股,758151.2677,2023-06-13,2023-06-13,758151.2677,601012.SH,隆基绿能,电气机械和器材制造业
601012,隆基绿能,2023-08-31,2023-06-30,"定期报告,可转债转股",758151.2813,2023-06-30,2023-08-31,758151.2813,601012.SH,隆基绿能,电气机械和器材制造业
601012,隆基绿能,2023-07-18,2023-07-20,"股份回购,可转债转股",758140.2043,2023-07-20,2023-07-18,758140.2043,601012.SH,隆基绿能,电气机械和器材制造业
601012,隆基绿能,2023-07-28,2023-07-26,可转债转股,758140.2179,2023-07-26,2023-07-28,758140.2179,601012.SH,隆基绿能,电气机械和器材制造业
601012,隆基绿能,2023-10-09,2023-09-30,可转债转股,758140.24,2023-09-30,2023-10-09,758140.24,601012.SH,隆基绿能,电气机械和器材制造业
601012,隆基绿能,2023-10-18,2023-10-20,"股份回购,可转债转股",757804.2417,2023-10-20,2023-10-18,757804.2417,601012.SH,隆基绿能,电气机械和器材制造业
601012,隆基绿能,2024-04-30,2023-12-31,"可转债转股,定期报告",757804.3524,2023-12-31,2024-04-30,757804.3524,601012.SH,隆基绿能,电气机械和器材制造业
601012,隆基绿能,2024-03-01,2024-02-28,可转债转股,757804.3745,2024-02-28,2024-03-01,757804.3745,601012.SH,隆基绿能,电气机械和器材制造业
601012,隆基绿能,2024-04-02,2024-03-31,可转债转股,757804.4598,2024-03-31,2024-04-02,757804.4598,601012.SH,隆基绿能,电气机械和器材制造业
601012,隆基绿能,2024-08-31,2024-06-30,"可转债转股,定期报告",757804.4734,2024-06-30,2024-08-31,757804.4734,601012.SH,隆基绿能,电气机械和器材制造业
601012,隆基绿能,2024-07-09,2024-07-09,可转债转股,757804.4768,2024-07-09,2024-07-09,757804.4768,601012.SH,隆基绿能,电气机械和器材制造业
601012,隆基绿能,2024-10-09,2024-09-30,可转债转股,757804.5159,2024-09-30,2024-10-09,757804.5159,601012.SH,隆基绿能,电气机械和器材制造业
601012,隆基绿能,2025-04-30,2024-12-31,"可转债转股,定期报告",757804.795,2024-12-31,2025-04-30,757804.795,601012.SH,隆基绿能,电气机械和器材制造业
601012,隆基绿能,2025-03-04,2025-02-28,可转债转股,757804.8138,2025-02-28,2025-03-04,757804.8138,601012.SH,隆基绿能,电气机械和器材制造业
601012,隆基绿能,2025-04-02,2025-03-31,可转债转股,757804.9736,2025-03-31,2025-04-02,757804.9736,601012.SH,隆基绿能,电气机械和器材制造业
601012,隆基绿能,2025-08-23,2025-06-30,"可转债转股,定期报告",757805.0192,2025-06-30,2025-08-23,757805.0192,601012.SH,隆基绿能,电气机械和器材制造业
601012,隆基绿能,2025-08-23,2025-08-21,可转债转股,757805.9731,2025-08-21,2025-08-23,757805.9731,601012.SH,隆基绿能,电气机械和器材制造业
601012,隆基绿能,2025-10-10,2025-09-30,可转债转股,757806.013,2025-09-30,2025-10-10,757806.013,601012.SH,隆基绿能,电气机械和器材制造业
601012,隆基绿能,2026-04-29,2025-12-31,"可转债转股,定期报告",757806.4239,2025-12-31,2026-04-29,757806.4239,601012.SH,隆基绿能,电气机械和器材制造业
601012,隆基绿能,2026-04-02,2026-03-31,可转债转股,757806.6064,2026-03-31,2026-04-02,757806.6064,601012.SH,隆基绿能,电气机械和器材制造业
601012,隆基绿能,2026-08-31,2026-06-30,"可转债转股,定期报告",757806.9148,2026-06-30,2026-08-31,757806.9148,601012.SH,隆基绿能,电气机械和器材制造业
