stock_code,symbol,exchange,stock_name,industry,industry_standard,industry_classification_date,industry_source,industry_source_read_date,listing_date,listing_date_source,selection_reason,listed_before_sample,sample_start,sample_end
600519.SH,600519,SSE,贵州茅台,酒、饮料和精制茶制造业,CSMAR上市公司行业分类,2025-12-31,CSMAR上市公司基本信息年度表,2026-09-18,2001-08-27,CSMAR上市公司基本信息年度表；Wind股票基本档案交叉核验（2026-09-22）,消费品牌代表，覆盖品牌型商业模式,True,2021-01-01,2026-09-16
600036.SH,600036,SSE,招商银行,货币金融服务,CSMAR上市公司行业分类,2025-12-31,CSMAR上市公司基本信息年度表,2026-09-18,2002-04-09,CSMAR上市公司基本信息年度表；Wind股票基本档案交叉核验（2026-09-22）,银行业代表，覆盖金融中介业务,True,2021-01-01,2026-09-16
600276.SH,600276,SSE,恒瑞医药,医药制造业,CSMAR上市公司行业分类,2025-12-31,CSMAR上市公司基本信息年度表,2026-09-18,2000-10-18,CSMAR上市公司基本信息年度表；Wind股票基本档案交叉核验（2026-09-22）,医药制造代表，覆盖研发驱动模式,True,2021-01-01,2026-09-16
000333.SZ,000333,SZSE,美的集团,电气机械和器材制造业,CSMAR上市公司行业分类,2025-12-31,CSMAR上市公司基本信息年度表,2026-09-18,2013-09-18,CSMAR上市公司基本信息年度表；Wind股票基本档案交叉核验（2026-09-22）,家电制造代表，覆盖耐用消费与制造,True,2021-01-01,2026-09-16
002594.SZ,002594,SZSE,比亚迪,汽车制造业,CSMAR上市公司行业分类,2025-12-31,CSMAR上市公司基本信息年度表,2026-09-18,2011-06-30,CSMAR上市公司基本信息年度表；Wind股票基本档案交叉核验（2026-09-22）,汽车制造代表，覆盖技术投入与产业链,True,2021-01-01,2026-09-16
600309.SH,600309,SSE,万华化学,化学原料和化学制品制造业,CSMAR上市公司行业分类,2025-12-31,CSMAR上市公司基本信息年度表,2026-09-18,2001-01-05,CSMAR上市公司基本信息年度表；Wind股票基本档案交叉核验（2026-09-22）,化工材料代表，覆盖周期制造与研发投入,True,2021-01-01,2026-09-16
002352.SZ,002352,SZSE,顺丰控股,邮政业,CSMAR上市公司行业分类,2025-12-31,CSMAR上市公司基本信息年度表,2026-09-18,2010-02-05,CSMAR上市公司基本信息年度表；Wind股票基本档案交叉核验（2026-09-22）,物流服务代表，覆盖网络型服务商业模式,True,2021-01-01,2026-09-16
600030.SH,600030,SSE,中信证券,资本市场服务,CSMAR上市公司行业分类,2025-12-31,CSMAR上市公司基本信息年度表,2026-09-18,2003-01-06,CSMAR上市公司基本信息年度表；Wind股票基本档案交叉核验（2026-09-22）,证券业代表，补充非银行金融模式,True,2021-01-01,2026-09-16
601012.SH,601012,SSE,隆基绿能,电气机械和器材制造业,CSMAR上市公司行业分类,2025-12-31,CSMAR上市公司基本信息年度表,2026-09-18,2012-04-11,CSMAR上市公司基本信息年度表；Wind股票基本档案交叉核验（2026-09-22）,新能源设备代表，覆盖制造周期,True,2021-01-01,2026-09-16
002475.SZ,002475,SZSE,立讯精密,"计算机、通信和其他电子设备制造业",CSMAR上市公司行业分类,2025-12-31,CSMAR上市公司基本信息年度表,2026-09-18,2010-09-15,CSMAR上市公司基本信息年度表；Wind股票基本档案交叉核验（2026-09-22）,电子制造代表，覆盖消费电子供应链,True,2021-01-01,2026-09-16
