stock_code,stock_name,industry,rows,date_min,date_max,unadjusted_nonmissing,hfq_nonmissing,market_cap_nonmissing,zero_volume_days
000333.SZ,美的集团,电气机械和器材制造业,1385,2020-12-31,2026-09-16,1385,1385,1385,0
002352.SZ,顺丰控股,邮政业,1382,2020-12-31,2026-09-16,1382,1382,1382,0
002475.SZ,立讯精密,计算机、通信和其他电子设备制造业,1385,2020-12-31,2026-09-16,1385,1385,1385,0
002594.SZ,比亚迪,汽车制造业,1385,2020-12-31,2026-09-16,1385,1385,1385,0
600030.SH,中信证券,资本市场服务,1379,2020-12-31,2026-09-16,1379,1379,1379,0
600036.SH,招商银行,货币金融服务,1385,2020-12-31,2026-09-16,1385,1385,1385,0
600276.SH,恒瑞医药,医药制造业,1385,2020-12-31,2026-09-16,1385,1385,1385,0
600309.SH,万华化学,化学原料和化学制品制造业,1385,2020-12-31,2026-09-16,1385,1385,1385,0
600519.SH,贵州茅台,酒、饮料和精制茶制造业,1385,2020-12-31,2026-09-16,1385,1385,1385,0
601012.SH,隆基绿能,电气机械和器材制造业,1385,2020-12-31,2026-09-16,1385,1385,1385,0
