kind,stock_code,path,rows,sha256
sina_unadjusted,600519.SH,data/raw/akshare/sina_unadjusted/600519.SH.csv,1407,336b806ff1e484c6498538b3d797288a61089c2f0550b821f182c50318393bf0
sina_hfq,600519.SH,data/raw/akshare/sina_hfq/600519.SH.csv,1407,317463bd87f29dc88d32e2e86a4622051bcdd401a02cf40a56fe8e83942f2bda
cninfo_share_capital,600519.SH,data/raw/akshare/cninfo_share_capital/600519.SH.csv,68,32ef2af438347cf44e5c8f01f31ca4cd5ce660aa149b160f9dc754cd129d07d7
sina_unadjusted,600036.SH,data/raw/akshare/sina_unadjusted/600036.SH.csv,1407,ca52d660611c228507fe51c000af355504e4cb0fa28a04d8787855c93cbc7817
sina_hfq,600036.SH,data/raw/akshare/sina_hfq/600036.SH.csv,1407,a112eb0d5d4fb02c55cba0d4e4da68e26ba03bda62b897a1f7e363676eac6765
cninfo_share_capital,600036.SH,data/raw/akshare/cninfo_share_capital/600036.SH.csv,75,1b5fd6d7eab672e26a6af95dfa6d73923bbe74efbdc63d7b775fa061a9a45cb1
sina_unadjusted,600276.SH,data/raw/akshare/sina_unadjusted/600276.SH.csv,1407,4970541d9dfdab779c9edc87d983cc7956f56942e04be6e5084cc40ca95eaeae
sina_hfq,600276.SH,data/raw/akshare/sina_hfq/600276.SH.csv,1407,806146bc083b3b11120e0af64b1f668e40136e4ad1e5ee61b53eaf73ace00497
cninfo_share_capital,600276.SH,data/raw/akshare/cninfo_share_capital/600276.SH.csv,120,7bd34b35b35d69f2cddbf9af219be84267e4ab69def0ac66149e5741870467f3
sina_unadjusted,000333.SZ,data/raw/akshare/sina_unadjusted/000333.SZ.csv,1407,297226c7f0ef4da338971efd474210dd785fc82ab51dcfcad655c22580bdbdbc
sina_hfq,000333.SZ,data/raw/akshare/sina_hfq/000333.SZ.csv,1407,abe32ef27f8289bcce9f4ec6d81312a7460d92a0634c5bf357c1e709e82b9d4d
cninfo_share_capital,000333.SZ,data/raw/akshare/cninfo_share_capital/000333.SZ.csv,114,63baa8a7e9cfe3a50c8e8a0fdb46d9a34b58e119c517bfecec1986836f40733d
sina_unadjusted,002594.SZ,data/raw/akshare/sina_unadjusted/002594.SZ.csv,1407,a1c090fa19aa774929d70fc9c9984c36311ae48bc4fb585293d4892270a529c6
sina_hfq,002594.SZ,data/raw/akshare/sina_hfq/002594.SZ.csv,1407,6b72e4f868c62e081087ff007246c5f78fd7dd8079776ac51aacbc4e7ec9e26e
cninfo_share_capital,002594.SZ,data/raw/akshare/cninfo_share_capital/002594.SZ.csv,47,daa4079b5f88ced84227080a51f3cf9e500ccf13c1d256c307e250ade3bbe647
sina_unadjusted,600309.SH,data/raw/akshare/sina_unadjusted/600309.SH.csv,1407,eb2396a216a1f65b3cbe631bbd180ac9307af2b675472714727206bd713bd114
sina_hfq,600309.SH,data/raw/akshare/sina_hfq/600309.SH.csv,1407,0679735b950f62ce39c7cc56f1dd9940a487ef46797fd24ad53a99c8a676a321
cninfo_share_capital,600309.SH,data/raw/akshare/cninfo_share_capital/600309.SH.csv,71,1cdbb146a69f1178932fcb71180ce8e741480833d7c0265b9cff5cb2d103c1f2
sina_unadjusted,002352.SZ,data/raw/akshare/sina_unadjusted/002352.SZ.csv,1404,b96ccf17d4da29bfac51fdf211e00870b3b89b7a9e88c56f817d204ed5f5ea65
sina_hfq,002352.SZ,data/raw/akshare/sina_hfq/002352.SZ.csv,1404,b2b040590eeaa91991e45dd0e1df8d70d5d32ec212f6a048f4ea04d7b82672aa
cninfo_share_capital,002352.SZ,data/raw/akshare/cninfo_share_capital/002352.SZ.csv,85,209e702934399a822b73b840c440fd0817d6c411773f9d760d764a1eb5625aa3
sina_unadjusted,600030.SH,data/raw/akshare/sina_unadjusted/600030.SH.csv,1401,b3fef4d1713f3f112411998cbc3db3164ba54182898263420ef6629fc64b656a
sina_hfq,600030.SH,data/raw/akshare/sina_hfq/600030.SH.csv,1401,6c685b42bfb858a8c506f034237c31b0afd284e961ec0eca743db6f635edff22
cninfo_share_capital,600030.SH,data/raw/akshare/cninfo_share_capital/600030.SH.csv,68,a3c4da0faaeb87a81caaca672f15aebdc7c9b74c7873dc49d3e33e74bfa18abd
sina_unadjusted,601012.SH,data/raw/akshare/sina_unadjusted/601012.SH.csv,1407,7aca838362d00165d8d7776cb4c3afbbc15403264603743f80a9ce211ef38703
sina_hfq,601012.SH,data/raw/akshare/sina_hfq/601012.SH.csv,1407,1b77116b83990b713377c69f3ae8c3fd739e5022dd0ea86660e17ede855615ea
cninfo_share_capital,601012.SH,data/raw/akshare/cninfo_share_capital/601012.SH.csv,91,b5ba0a8abc6bad4b892c032045fff046fd63062ae1fe08908a1f9699a1ffaa27
sina_unadjusted,002475.SZ,data/raw/akshare/sina_unadjusted/002475.SZ.csv,1407,8634961030093b7230f81d6067f79dba78c3bcfc064ab8fce18ceb5e74fbf5e4
sina_hfq,002475.SZ,data/raw/akshare/sina_hfq/002475.SZ.csv,1407,790e5f129c8e0d1ffaec5ce4ed01a783e99758ef3ebd7b57aa0dbf58a2aa0260
cninfo_share_capital,002475.SZ,data/raw/akshare/cninfo_share_capital/002475.SZ.csv,76,d45ae7c7650f3865ce4e78f91b92d4f9bb056b2e2e8d76865077e2378286913b
