数据表,原始字段,字段中文名,分析变量,用途与口径
balance,A001000000,资产总计,assets,资产负债率分母、Cash_TA分母、平均总资产
balance,A002000000,负债合计,liabilities,资产负债率分子、bankloan与短期负债占比的分母
balance,A002100000,流动负债合计,cur_liabilities,短期负债占比分子
balance,A002101000,短期借款,st_borrow,bankloan分子之一
balance,A002201000,长期借款,lt_borrow,bankloan分子之一
balance,A003000000,所有者权益合计,equity,平均所有者权益（含少数股东权益，不混归母）
balance,A001101000,货币资金,cash,Cash_TA分子（区别于现金及现金等价物）
balance,Stkcd,证券代码,Stkcd,面板主键之一；剔除200/900前缀B股
balance,Accper,统计截止日期,fiscal_year,仅取12-31年末记录
balance,Typrep,报表类型,-,仅保留A=合并报表
income,B002000000,净利润,net_income,ROA/ROE分子（合并口径）
income,B002000101,归属于母公司所有者的净利润,ni_parent,仅备核对，不用于指标计算
income,Stkcd,证券代码,Stkcd,与资产负债表左连
income,Accper,统计截止日期,fiscal_year,同上
income,Typrep,报表类型,-,仅保留A
annual,Symbol,股票代码,Stkcd,逐年行业与上市状态并入
annual,EndDate,统计截止日期,fiscal_year,年度快照
annual,IndustryCode,行业代码,industry_code,房地产判定（≤2011:J*；≥2012:K70）
annual,IndustryName,行业名称,industry_name,判定结果说明
annual,LISTINGSTATE,上市状态,listing_state,各年年末上市状态（ST/暂停上市保留）
annual,LISTINGDATE,首次上市日期,-,核验是否存在上市前观测
ownership,Symbol,证券代码,Stkcd,逐年产权
ownership,EndDate,截止日期,-,按年匹配
ownership,EquityNature,股权性质,ownership,国企→国有；民营→民营；外资/其他/复合→其他；缺失→不明
ownership,EquityNatureID,股权性质编码,-,1国企2民营3外资4其他
ownership,ActualControllerName,实际控制人名称,-,辅助核对
ownership,LargestHolderRate,第一大股东持股比率(%):-,辅助核对（未用于指标）
