年度,指标,有效样本量,均值,中位数,标准差,最小,最大
2005,资产负债率,158,0.7969142430850382,0.6162541265527013,1.0926414081840043,0.01258104919264793,9.698812248825867
2005,bankloan,158,0.4239960548529993,0.4469780595697487,0.22297618297671395,0.0,0.8664777455919414
2005,短期负债占比,158,0.8581300250697425,0.9175433766658361,0.16934297169868004,0.07503756453911067,1.0
2005,ROA,158,-0.042271009287096435,0.009313001060837583,0.20454445251922718,-1.542372559330074,0.0996113173546674
2005,ROE,158,0.001424243957126131,0.030646955273576738,0.9776766271893841,-5.126727872563425,6.958444420072347
2005,Cash_TA,158,0.111625125696441,0.08103146663938376,0.10693970232121455,0.001304228735591408,0.5690930316606588
2006,资产负债率,162,6.178318510533981,0.6127583631857902,68.87011953119365,0.09719791245218756,877.2559354164016
2006,bankloan,162,0.37787739220376876,0.3858270149797133,0.2215807135863356,0.0,0.8857801060781423
2006,短期负债占比,162,0.8316443847510405,0.9021191605227381,0.19277023734565632,0.05906919997196962,1.0
2006,ROA,158,-0.020742792411561073,0.018794385735878417,0.21653145612484354,-1.7215301795282008,0.1801984496978211
2006,ROE,158,0.04754182587222884,0.04995852400212058,1.8067414255953211,-10.903921642856544,18.03208458428301
2006,Cash_TA,162,0.11185704527071345,0.09512156820786005,0.08797788918850324,0.00045501073673486517,0.4846324838247216
2007,资产负债率,165,1.326135674056074,0.5900795527027529,6.524917196582195,0.0,82.55959282952551
2007,bankloan,164,0.34269067269238446,0.34615431279061754,0.22603151856202103,0.0,0.915732698419043
2007,短期负债占比,164,0.8080778523986757,0.8394117663833003,0.18753794808091925,0.0761024584018708,1.0
2007,ROA,162,0.4828872867799357,0.045253785477751524,5.089859134860689,-0.3920161374681827,64.75455981005734
2007,ROE,162,0.027415232454072902,0.09328234806369791,0.855688947327803,-9.448956768688566,2.9066554443545978
2007,Cash_TA,165,0.14725858615680218,0.12038658754463062,0.13573331675032535,0.00017493802922310226,0.9472072097031478
2008,资产负债率,166,0.8120448020064784,0.5968350009488539,1.763176050208945,0.04229717219186415,18.140956095234333
2008,bankloan,165,0.33464746356856157,0.3423871451784319,0.22006257419455422,0.0,0.844633643952647
2008,短期负债占比,166,0.7960967564177258,0.8193702093981379,0.18975519283336376,0.1553663560473531,1.0
2008,ROA,165,0.04392816070187954,0.03146858594175257,0.19435723443923264,-0.6217699997636512,1.2593400630382117
2008,ROE,165,0.14563571447169374,0.08615111867814552,0.9669140367060737,-3.127333546067423,8.19880619340015
2008,Cash_TA,166,0.1276125396988856,0.10432106388620285,0.13163188165740783,0.00029286218523789405,1.0
2009,资产负债率,167,0.9449603803295549,0.606001954913181,4.270057119552047,0.014459059073957128,55.40863729212337
2009,bankloan,167,0.3074812223554797,0.29066997951219364,0.2171719515357812,0.0,0.8262335818927998
2009,短期负债占比,167,0.7505374199451782,0.7890242247957681,0.2166277135284009,0.12683107661355844,1.0
2009,ROA,165,0.04738952438221531,0.03934146575896399,0.06400496469816232,-0.2562871594335656,0.3584809989343377
2009,ROE,165,0.11700954380832966,0.09411331475862275,0.20814114571127257,-0.8490467899284726,1.134837455168277
2009,Cash_TA,167,0.18494952369395107,0.1533762203478459,0.14044075470868758,0.0010593164173846432,0.8023779998777669
2010,资产负债率,167,0.6784828916692699,0.6265533227393583,0.817950328379645,0.01651996598731659,8.641753104871196
2010,bankloan,167,0.3044415422754952,0.2980607177530371,0.21795350671906435,0.0,0.7964799928092886
2010,短期负债占比,167,0.7491129719357166,0.7708852049131557,0.2078537072413951,0.148203505853569,1.0
2010,ROA,167,0.03313927022972244,0.040472096403180946,0.078691914621414,-0.6833862548220297,0.3141040601853918
2010,ROE,167,0.2982146778150799,0.10729413859369226,2.9742199439721304,-5.2678616803425085,38.04422409421856
2010,Cash_TA,167,0.17452149255695873,0.14436587416316446,0.13863194906119355,0.0008413297017021327,1.0
2011,资产负债率,167,0.6640407714361825,0.6293942014102636,0.7379725453237297,0.10609272690494136,9.841085401503895
2011,bankloan,165,0.294096050959544,0.2756538560144252,0.2009329925323207,0.0,0.8186100922713688
2011,短期负债占比,167,0.7584773580774288,0.7753528841474557,0.18870984827005075,0.16154355203125992,1.0
2011,ROA,167,0.03249298285738992,0.03192003641975404,0.07046344815229347,-0.6124965146048081,0.32349679273400533
2011,ROE,167,0.05560348089699791,0.0939291950023844,0.7782154048376143,-9.78990716853834,0.7921319996992418
2011,Cash_TA,167,0.1368415690054988,0.1116719462806321,0.1100616565211061,0.000980531353679894,0.5597822054364217
2012,资产负债率,167,0.6582980241956461,0.6358174256467903,0.6007971747027385,0.07037928046132688,7.995217745444626
2012,bankloan,167,0.29128715168545943,0.29125045217993595,0.19475580890829752,0.0,0.8137290316213279
2012,短期负债占比,167,0.753448042726464,0.7586078084823749,0.1836017516578903,0.1815524583948904,1.0
2012,ROA,167,0.035011693724704425,0.027977218578073313,0.05239281162289087,-0.09279141188206853,0.48055734567506136
2012,ROE,167,0.03918774918018172,0.0822651713226699,0.6785923032541846,-8.578895721253398,0.41633321478386076
2012,Cash_TA,167,0.13877457424219267,0.1115682749565878,0.12209542125549419,0.0011362582912495982,0.7382954707040112
2013,资产负债率,167,0.6216283949686073,0.6597198890550007,0.19244632323665437,0.12197080637540283,0.9409263527305722
2013,bankloan,167,0.3218564112764962,0.32280559470924075,0.2037738960112105,0.0,0.8422598202315389
2013,短期负债占比,167,0.7357849293756831,0.7211335733210105,0.1765395808502487,0.19295584909818253,1.0
2013,ROA,167,0.03834048082694561,0.027675789389654086,0.08350326524162922,-0.11819360433974033,0.7896909090006337
2013,ROE,167,0.0930612831894805,0.08510838508144859,0.235366890413808,-1.1198673039423819,2.528886018187098
2013,Cash_TA,167,0.13959616636714695,0.11183002039311765,0.109937253949404,0.0011992071164600652,0.574811800499981
2014,资产负债率,167,0.6223403615658308,0.661597204954868,0.195347560680408,0.08090169459263054,0.9884194558930905
2014,bankloan,167,0.30635554894723094,0.3094907398258841,0.186583292715785,0.0,0.8372988872449105
2014,短期负债占比,167,0.7354920403299697,0.7314498146374661,0.17781694853192564,0.2669592980967818,1.0
2014,ROA,167,0.01635909186098671,0.020005446997548876,0.050034569802605976,-0.390535185714021,0.12669961286350592
2014,ROE,167,0.03866096810711442,0.06610464774495792,0.23693872977156583,-2.4588723112536655,0.4629828570837075
2014,Cash_TA,167,0.12378093259811991,0.10954968941631914,0.09853462644685845,0.0007886130078130152,0.7091232791926991
2015,资产负债率,168,0.6206803276794337,0.6545919946863332,0.21650069580682973,0.028194570651989846,1.5482780842015214
2015,bankloan,168,0.28538261691815325,0.26558637543023833,0.1910200699370291,0.0,0.7853609956484817
2015,短期负债占比,168,0.7087124990678505,0.7083107254893182,0.20034697037775429,0.05801423703940859,1.0
2015,ROA,166,0.009793344425897438,0.01707943252863911,0.0711452857587346,-0.7052640388703091,0.16891252372722912
2015,ROE,166,0.10917006161641875,0.055026207298957394,0.7224235336432994,-0.5799780894482627,9.101897188532426
2015,Cash_TA,168,0.1519367534142383,0.12177301170422197,0.11534842978679916,0.011346626639250266,0.9359065292675418
