阶段,企业—年度观测数,公司数
0-0 资产负债表原始行 [资产负债表补充],18044,170
0-1 资产负债表原始行(2004) [04],1530,158
0-2 利润表原始行 [利润表补充],18089,170
0-3 股权性质原始行（2004—2015）,1979,170
1-主表 筛合并报表(Typrep=A),9064,170
1-主表 筛年末(Accper=12-31),1821,170
1-主表 剔除 B 股(200/900 前缀),1821,170
1-04表 筛合并报表(Typrep=A),783,158
1-04表 筛年末(Accper=12-31),158,158
1-04表 剔除 B 股(200/900 前缀),158,158
1-利润 筛合并报表(Typrep=A),9079,170
1-利润 筛年末(Accper=12-31),1821,170
1-利润 剔除 B 股,1821,170
3-0 资产负债表年末合并观测,1821,170
3-1 左连利润表后观测,1821,170
3-2 利润表未匹配观测,0,0
4-0 上年末分母缺失观测,12,12
6-0 产权缺失(归入不明)观测,17,6
5-0 并入年度表(上市状态/行业/标准版本),1821,170
5-1 年度表未覆盖(无法判定行业),0,0
7-0 最终企业—年度面板,1821,170
